PUBCHEM_SUBSTANCE_ID,smiles
164168244,CN(C)c1ccc(C(O)(c2ccc(N(C)C)cc2)c2ccc(N(C)C)cc2)cc1
16975381,Cc1ccc(Cn2c(=N)c(C(=O)NCc3cccnc3)cc3c(=O)n4ccccc4nc32)cc1
160654523,COc1ccccc1CN1COc2ccc3c(-c4ccccc4)cc(=O)oc3c2C1
17130371,CCOC(=O)C1=C(C)N=c2s/c(=C/c3ccc(N(C)C)cc3)c(=O)n2C1c1cccc(OC)c1OCC
17130266,C=CCOc1ccc(/C=c2/sc3n(c2=O)C(c2cccc(OC)c2OCC)C(C(=O)OCC)=C(C)N=3)cc1
17129109,C#CCOc1ccc(/C=c2\sc3n(c2=O)C(c2ccc(F)cc2)C(C(=O)OCC)=C(c2ccccc2)N=3)cc1
17129089,C#CCOc1ccc(/C=c2\sc3n(c2=O)C(c2ccc(F)cc2)C(C(=O)OCC)=C(c2ccccc2)N=3)cc1OCC
17129054,C#CCOc1ccccc1/C=c1\sc2n(c1=O)C(c1ccc(F)cc1)C(C(=O)OCC)=C(c1ccccc1)N=2
17129048,C#CCOc1ccc(/C=c2\sc3n(c2=O)C(c2ccc(F)cc2)C(C(=O)OCC)=C(c2ccccc2)N=3)cc1OC
17126865,CCOC(=O)C1=C(c2ccccc2)N=c2s/c(=C\c3cc([N+](=O)[O-])ccc3O)c(=O)n2C1c1cccc(OC)c1
17032403,Cc1cc(=O)oc2c1ccc1oc(C(=O)c3ccccc3)c(C)c12
17126285,CCOC(=O)C1=C(C)N=c2s/c(=C/c3cc(C)n(-c4cccc(C(=O)OC)c4)c3C)c(=O)n2C1c1ccc(OC)cc1
17126047,CCOC(=O)C1=C(C)N=c2s/c(=C/c3cc(C)n(-c4cccc(C(=O)OC)c4)c3C)c(=O)n2C1c1ccc(OCC)cc1
17110446,C=CCOc1ccc(C2C(C(=O)OCC)=C(C)N=c3s/c(=C\c4ccc(OC)c(OC)c4)c(=O)n32)cc1
17124947,CCOC(=O)C1=C(C)N=c2s/c(=C\c3cc(C)n(-c4ccc([N+](=O)[O-])cc4)c3C)c(=O)n2C1c1ccc(F)cc1
17119295,CCOC(=O)C1=C(C)N=c2s/c(=C/c3cccc([N+](=O)[O-])c3O)c(=O)n2C1c1ccccc1OC
17119272,CCOC(=O)C1=C(c2ccccc2)N=c2s/c(=C/c3cccc([N+](=O)[O-])c3O)c(=O)n2C1c1ccc(F)cc1
17093569,CN(C)c1ccc(-n2cccc2/C=N/c2ccc(N3CCOCC3)cc2)cc1
17003556,CCCCCCn1c2c(c(=N)c3c1CCC3)CCC2
124752204,CNC(=O)c1cc2c(=O)n3cccc(C)c3nc2n(CCc2ccc(OC)cc2)c1=N
17024919,COC(=O)C1=C(C)N=c2s/c(=C\c3ccc(OC(C)=O)c(OC)c3)c(=O)n2C1c1ccc(OC)cc1
16991784,Cc1cc(=O)oc2c(C)c3oc(C(=O)c4ccccc4)c(C)c3cc12
17110543,CCOC(=O)C1=C(C)N=c2s/c(=C\c3cc(C)n(-c4cccc(C(=O)O)c4)c3C)c(=O)n2C1c1ccccc1OC
17110539,CCOC(=O)C1=C(C)N=c2s/c(=C\c3cc(C)n(-c4ccc(C(=O)O)cc4)c3C)c(=O)n2C1c1cc(OC)ccc1OC
17110534,CCOC(=O)C1=C(C)N=c2s/c(=C\c3cc(C)n(-c4ccc(C(=O)O)cc4)c3C)c(=O)n2C1c1ccc(OC)cc1
17110526,CCOC(=O)C1=C(C)N=c2s/c(=C\c3cc(C)n(-c4cccc(C(=O)O)c4)c3C)c(=O)n2C1c1ccc(OC)c(OCC)c1
17110511,CCOC(=O)C1=C(C)N=c2s/c(=C\c3cc(C)n(-c4ccc(C(=O)O)cc4)c3C)c(=O)n2C1c1ccc(OC)c(OCC)c1
17110208,CCOC(=O)C1=C(C)N=c2s/c(=C/c3cc(C)n(-c4cccc(C(=O)O)c4)c3C)c(=O)n2C1c1ccc(C)cc1
17109994,COc1ccc(C2C(C(=O)OC(C)C)=C(C)N=c3s/c(=C\c4cc(C)n(-c5ccc(F)cc5)c4C)c(=O)n32)cc1
17109876,CCOC(=O)C1=C(C)N=c2s/c(=C\c3cc(C)n(-c4ccc(F)cc4)c3C)c(=O)n2C1c1cc(OC)ccc1OC
17095805,CCOC(=O)C1=C(c2ccccc2)N=c2s/c(=C\c3ccc(N(C)C)c(Br)c3)c(=O)n2C1c1cccc(OC)c1OC
17093351,CCOC(=O)C1=C(C)N=c2s/c(=C\c3ccc(N(CC)CC)cc3O)c(=O)n2C1c1ccccc1OC
17060629,CCOC(=O)C1=C(C)N=c2s/c(=C/c3cc(C)n(-c4ccc(Cl)cc4)c3C)c(=O)n2C1c1ccccc1
17012943,CCOC(=O)C1=C(C)N=c2s/c(=C\c3cc(C)n(-c4ccc(C)cc4)c3C)c(=O)n2C1c1ccc(C)cc1
17012586,CCOC(=O)C1=C(C)N=c2s/c(=C/c3cc(C)n(-c4ccc(Br)cc4)c3C)c(=O)n2C1c1ccc(OC)c(OC)c1
17012585,CCOC(=O)C1=C(C)N=c2s/c(=C/c3cc(C)n(-c4ccc(C)cc4)c3C)c(=O)n2C1c1ccc(OC)c(OC)c1
17012583,CCOC(=O)C1=C(C)N=c2s/c(=C/c3cc(C)n(-c4ccc(Cl)cc4)c3C)c(=O)n2C1c1ccc2c(c1)OCO2
17012581,CCOC(=O)C1=C(C)N=c2s/c(=C/c3cc(C)n(-c4ccc(F)cc4)c3C)c(=O)n2C1c1ccc(N(C)C)cc1
17012580,CCOC(=O)C1=C(C)N=c2s/c(=C/c3cc(C)n(-c4ccc(Cl)cc4)c3C)c(=O)n2C1c1ccc(N(C)C)cc1
17012579,CCOC(=O)C1=C(C)N=c2s/c(=C/c3cc(C)n(-c4ccc(F)cc4)c3C)c(=O)n2C1c1ccccc1
223652417,COc1ccc(-c2cc(=O)oc3c4c(ccc23)OCN(C2CC2)C4)cc1
16991282,CCOC(=O)C1=C(C)N=c2s/c(=C/c3cc(C)n(-c4ccc(F)cc4)c3C)c(=O)n2C1c1ccc(OC)c(OC)c1
17034585,CCOC(=O)C1=C(C)N=c2s/c(=C\c3ccc(N(C)C)cc3)c(=O)n2C1c1ccc(OC)cc1
16982045,CCOC(=O)C1=C(C)N=c2s/c(=C/c3cc(C)n(-c4ccc(I)cc4)c3C)c(=O)n2C1c1ccc(OC)c(OC)c1
16960859,CCOC(=O)C1=C(C)N=c2s/c(=C\c3cc(C)n(-c4ccc(F)cc4)c3C)c(=O)n2C1c1ccccc1OCC
16960858,CCOC(=O)C1=C(C)N=c2s/c(=C\c3cc(C)n(-c4ccc(C(=O)OCC)cc4)c3C)c(=O)n2C1c1ccccc1OCC
163629009,CCOC(=O)c1cnc2c(C)cc(C)cc2c1NCCCCCO
16970772,CCOC(=O)c1cnc2c(ccc3ccccc32)c1Nc1ccc(C(=O)OC)cc1
16970771,CCOC(=O)c1cnc2c(ccc3ccccc32)c1Nc1cccc(C(=O)OC)c1
16970769,CCOC(=O)c1cnc2c(ccc3ccccc32)c1Nc1ccc(OC)cc1
16970768,CCOC(=O)c1cnc2c(ccc3ccccc32)c1Nc1cccc(OC)c1
16970767,CCOC(=O)c1cnc2c(ccc3ccccc32)c1Nc1ccc(C)cc1
16986982,COc1ccc(Nc2nc(N/N=C\c3ccc([N+](=O)[O-])cc3)nc(Nc3ccccc3)n2)cc1
17129375,COc1ccc(-n2c(C)cc(/C=C3/S/C(=N/c4ccccc4)N(CC(C)C)C3=O)c2C)cc1
17129373,CCCN1C(=O)/C(=C\c2cc(C)n(-c3ccc(OC)cc3)c2C)S/C1=N/c1ccccc1
17129147,CCOc1ccc(/N=C2/S/C(=C\c3cc(C)n(C)c3C)C(=O)N2C2CCCCC2)cc1
17129141,Cc1cc(/C=C2\S/C(=N/c3ccc(F)cc3)N(C3CCCCC3)C2=O)c(C)n1C
124752412,COCCCn1c(=N)c(C(=O)NCc2ccc(C)cc2)cc2c(=O)n3cccc(C)c3nc21
17023924,CCOC(=O)C1=C(C)N=c2s/c(=C/c3ccc(OC)c(OC)c3)c(=O)n2C1c1cccc([N+](=O)[O-])c1
17126528,Cc1cc(/C=C2\SC(=O)N(c3ccc(Cl)cc3)C2=O)c(C)n1-c1ccc(Cl)cc1
17034663,CCOC(=O)C1=C(C)N=c2s/c(=C\c3ccc(N(CC)CC)cc3OC)c(=O)n2C1c1ccccc1
124752050,COc1ccc(CNC(=O)c2cc3c(=O)n4cccc(C)c4nc3n(C)c2=N)cc1
17124938,C=CCOc1ccccc1/C=C1/S/C(=N/c2ccccc2)N(C2CCCCC2)C1=O
17124882,Cc1cc2c(cc1/C=C1\S/C(=N/c3ccccc3)N(C3CCCCC3)C1=O)OCO2
17124589,O=C1/C(=C\c2cccc(F)c2)S/C(=N/c2ccccc2)N1C1CCCCC1
17047938,COc1ccc(NC(=S)N2CCN(Cc3ccccc3)CC2)c(OC)c1
17119544,COCCN1C(=O)/C(=C\c2cc(C)n(-c3ccccc3)c2C)S/C1=N\c1ccccc1
124752293,COCCCn1c(=N)c(C(=O)NCc2ccc(F)cc2)cc2c(=O)n3cccc(C)c3nc21
17023923,CCOC(=O)C1=C(C)N=c2s/c(=C/c3ccc(Cl)cc3Cl)c(=O)n2C1c1cccc([N+](=O)[O-])c1
17119031,COc1ccc(NC2=NC(=O)/C(=C/c3cn(Cc4ccccc4)c4ccccc34)S2)cc1
17110368,Cc1cc(/C=C2/S/C(=N\c3ccccc3)NC2=O)c(C)n1-c1ccc(Cl)cc1
17095869,O=C1/C(=C/c2ccco2)S/C(=N/c2ccccc2)N1C1CCCC1
17095868,COc1cccc(/C=C2\S/C(=N/c3ccccc3)N(C3CCCC3)C2=O)c1OC
17095866,COc1cc(N2Cc3ccccc3C2)ccc1/C=C1\S/C(=N/c2ccccc2)N(C2CCCC2)C1=O
17095865,O=C1/C(=C/c2ccc(N3Cc4ccccc4C3)cc2)S/C(=N/c2ccccc2)N1C1CCCC1
160654526,COc1ccc(-c2cc(=O)oc3c4c(ccc23)OCN(Cc2cc(OC)c(OC)c(OC)c2)C4)cc1
17023922,CCOC(=O)C1=C(C)N=c2s/c(=C/c3ccccc3Cl)c(=O)n2C1c1cccc([N+](=O)[O-])c1
17118488,C#CCOc1cc(Br)c(/C=c2\sc3n(c2=O)C(c2cc(Cl)c(O)c(OC)c2)C(C(=O)OCC)=C(C)N=3)cc1OC
17095835,COc1ccc(-n2c(C)cc(/C=C3\S/C(=N/c4ccccc4)N(C4CCCC4)C3=O)c2C)cc1
17095834,Cc1cc(/C=C2\S/C(=N/c3ccccc3)N(C3CCCC3)C2=O)c(C)n1-c1cccc(C(=O)O)c1
17095833,Cc1cc(/C=C2\S/C(=N/c3ccccc3)N(C3CCCC3)C2=O)c(C)n1-c1ccc(C(=O)O)cc1
160654524,COc1ccc(-c2cc(=O)oc3c4c(ccc23)OCN(Cc2ccc(OC)cc2OC)C4)cc1
17093485,O=C1/C(=C/c2ccc(O)c(Cl)c2)S/C(=N\c2ccccc2)N1C1CCCCC1
17034657,CCOC(=O)C1=C(C)N=c2s/c(=C\c3ccc(N(CC)CC)cc3OC)c(=O)n2C1c1ccc(N(C)C)cc1
17040319,Cc1cc(/C=C2\C(=O)NC(=O)N(C3CCCCC3)C2=O)c(C)n1-c1ccc(Cl)cc1
16982478,Cc1cc(=O)oc2c1ccc1oc(/C(=N/O)c3ccccc3)c(C)c12
17119233,CCOC(=O)C1=C(C)N=c2s/c(=C/c3cc([N+](=O)[O-])ccc3N3CCCCC3)c(=O)n2C1c1ccc(OC)cc1
17035271,O=C(O)c1ccc(/C=C2\S/C(=N/c3ccccc3)N(C3CCCCC3)C2=O)cc1
16983702,COc1cc(C)c(/C=C2/S/C(=N\c3ccccc3)N(C3CCCC3)C2=O)cc1C(C)C
16982926,O=C1/C(=C/c2c(F)cccc2Cl)S/C(=N/c2ccccc2)N1C1CCCC1
16982905,COc1ccc(/C=C2/S/C(=N/c3ccccc3)N(C3CCCCC3)C2=O)cc1
124752599,Cc1cccn2c(=O)c3cc(C(=O)NCc4ccc(F)cc4)c(=N)n(Cc4ccco4)c3nc12
16982871,Cc1cc(/C=C2/S/C(=N/c3ccccc3)N(C3CCCCC3)C2=O)c(C)n1-c1ccc(F)cc1
16982868,COc1ccc(Br)cc1/C=C1/S/C(=N/c2ccccc2)N(C2CCCCC2)C1=O
17023920,CCOC(=O)C1=C(C)N=c2s/c(=C/c3ccc(N(C)C)cc3)c(=O)n2C1c1ccc(Cl)cc1
16982831,O=C1/C(=C\c2ccc(Cl)cc2Cl)S/C(=N/c2ccccc2)N1C1CCCCC1
17000136,Cc1cccc(Nc2nc3ccccc3c3ccccc23)c1
17110445,C=CCOc1ccc(C2C(C(=O)OCC)=C(C)N=c3s/c(=C\c4cc(OC)ccc4OC)c(=O)n32)cc1
17087810,O=C(COc1ccc(Cl)cc1Cl)NCCCNC(=O)COc1ccc(Cl)cc1Cl
17035957,COc1ccc(N2C(=O)C3C(C2=O)C2(C)C(=O)C3(C)C(c3ccccc3)=C2c2ccccc2)cc1
17035956,Cc1ccc(N2C(=O)C3C(C2=O)C2(C)C(=O)C3(C)C(c3ccccc3)=C2c2ccccc2)cc1
17035955,CC12C(=O)C(C)(C(c3ccccc3)=C1c1ccccc1)C1C(=O)N(c3ccccc3)C(=O)C12
17023919,CCOC(=O)C1=C(C)N=c2s/c(=C\c3ccc(OC(C)=O)cc3OC(C)=O)c(=O)n2C1c1ccccc1
17023283,O=C1NC(=O)C2C1C1(c3ccccc3)C(=O)C2(c2ccccc2)C(c2ccccc2)=C1c1ccccc1
195199051,O=C(Nc1ccc(N2CCN(Cc3ccccc3)CC2)cc1)c1cccs1
124751362,Cn1c(CN2CCN(c3ccc(NC(=O)c4cccs4)cc3)CC2)nc2ccccc21
24379445,CN(C)CCNCc1ccc(-c2ccc(Cl)cc2Cl)o1
277299822,Clc1ccc(/C=N/Nc2nc3ccccc3[nH]2)cc1
17023918,CCOC(=O)C1=C(C)N=c2s/c(=C\c3ccc(OC(C)=O)c(OC)c3)c(=O)n2C1c1ccccc1
118051401,O=C(NC(=S)NC1CCN(Cc2ccccc2)CC1)C1CCCCC1
17023899,CCOC(=O)C1=C(C)N=c2s/c(=C\c3ccc(OC)c(OC)c3)c(=O)n2C1c1ccc(OC(C)=O)cc1
22398353,Cc1ccc2c(c1)c1c(n2CC(O)Cn2nnc3ccccc32)C(=O)CCC1
17096837,O=[N+]([O-])c1ccc(N/N=C/c2ccc(/C=N/Nc3ccc([N+](=O)[O-])cc3)cc2)cc1
17138113,COCCCNC(=O)CCCOc1ccc(Cl)cc1Cl
17058680,O=[N+]([O-])c1ccc(/C=N/Nc2nc3ccccc3s2)cc1
17021696,C/C(=C\c1ccc([N+](=O)[O-])cc1)c1nc2ccccc2[nH]1
17023898,CCOC(=O)C1=C(C)N=c2s/c(=C\c3ccc(OC)cc3)c(=O)n2C1c1ccc(OC(C)=O)cc1
16966980,C(=N/Nc1nc2ccccc2[nH]1)\c1cccs1
16979811,O=[N+]([O-])c1ccc(Nc2nc(N/N=C/c3ccc(Br)cc3)nc(N3CCOCC3)n2)cc1
17119294,CCOC(=O)C1=C(C)N=c2s/c(=C/c3cccc([N+](=O)[O-])c3O)c(=O)n2C1c1cccc(OC)c1
17088885,CC1(C(=O)NC2CCN(Cc3ccccc3)CC2)CC1(Br)Br
124353754,N=c1c(C(=O)NCc2ccc3c(c2)OCO3)cc2c(=O)n3ccccc3nc2n1CCc1ccccc1
16969633,CN(C)CCCNc1nc(-c2ccccc2)nc2ccccc12
126921088,CN(C)CCCNc1ccnc2cc(Cl)ccc12
17042381,Clc1ccc(NNc2ccnc3cc(Cl)ccc23)cc1
17023897,CCOC(=O)C1=C(C)N=c2s/c(=C\c3ccc(N(C)C)cc3)c(=O)n2C1c1ccc(OC(C)=O)cc1
17004699,Oc1ccc(Nc2ccnc3cc(Cl)ccc23)cc1
17126058,C=CCOc1c(Cl)cc(/C=c2/sc3n(c2=O)C(c2ccc(OCC)cc2)C(C(=O)OCC)=C(C)N=3)cc1OC
17001054,CSC1=N/C(=N\c2c(C)cccc2C)C2(CCCCC2)N1c1cccc(C)c1
16994988,COc1ccc(N2C(SC)=N/C(=N\c3ccc(Cl)cc3)C23CCC(C)CC3)cc1
17058451,CCOC(=O)C1=C(C)N=c2s/c(=C/c3ccc(I)cc3)c(=O)n2C1c1ccc(OC)cc1OC
124752014,Cc1cccn2c(=O)c3cc(C(=O)NCc4ccc(F)cc4)c(=N)n(Cc4ccncc4)c3nc12
17121324,CCOC(=O)C1=C(C)N=c2s/c(=C\c3ccc(OC(=O)c4ccc(Cl)cc4)cc3)c(=O)n2C1c1ccccc1
16991551,CSC1=N/C(=N\c2ccccc2)C2(CCCCC2)N1c1ccc(Cl)cc1
16966138,CSC1=N/C(=N\c2c(C)cccc2C)C2(CCCC2)N1c1ccc(O)cc1
17023896,CCOC(=O)C1=C(C)N=c2s/c(=C\c3ccccc3F)c(=O)n2C1c1ccc(OC(C)=O)cc1
254527812,O=C(O)C1Cc2c([nH]c3ccccc23)C(c2ccccc2)N1
254527767,O=C(O)C1Cc2c([nH]c3ccccc23)C(c2ccc(O)cc2)N1
16975373,Cc1cccn2c(=O)c3cc(C(=O)NCc4cccnc4)c(=N)n(Cc4ccncc4)c3nc12
17024279,O=C(O)C1Cc2c([nH]c3ccccc23)C(c2cc([N+](=O)[O-])ccc2O)N1
16958651,CC1NC(C(=O)O)Cc2c1[nH]c1ccccc21
17110435,C=CCOc1ccc(C2C(C(=O)OCC)=C(C)N=c3s/c(=C\c4ccc(N(C)C)o4)c(=O)n32)cc1
17106728,COc1ccccc1N1C(=N)S/C(=C\c2ccc(-c3ccccc3C(=O)O)o2)C1=O
17094939,CCOC(=O)C1=C(C)N=c2s/c(=C\c3cc(Cl)ccc3OS(=O)(=O)c3ccc(C)cc3)c(=O)n2C1c1ccccc1
254527765,COc1ccc(/C=C2/SC(=O)N(c3ccccc3)C2=O)cc1
17023568,CCOC(=O)C1=C(C)N=c2s/c(=C/c3ccc(N(CC)CC)cc3)c(=O)n2C1c1ccc(OC)cc1
92091080,COc1ccc(/C=C2/SC(=S)N(c3ccccc3)C2=O)cc1
17110444,C=CCOc1ccc(C2C(C(=O)OCC)=C(C)N=c3s/c(=C\c4cc(Br)c(OC)cc4OC)c(=O)n32)cc1
17126884,COc1cc(/C=C2/SC(=N)N(c3ccccc3F)C2=O)ccc1O
17121323,CCOC(=O)C1=C(C)N=c2s/c(=C\c3ccc(OC(=O)c4cccc(Br)c4)cc3)c(=O)n2C1c1ccccc1
163629112,CCOC(=O)c1cnc2ccc(OC)cc2c1NCCCC(=O)O
17130672,CCCCOc1ccc(C2C(C(=O)OCC)=C(C)N=c3s/c(=C/c4ccccc4OCC)c(=O)n32)cc1OC
17110221,COc1ccc(/C=C2\SC(=N)N(c3ccc(OC)cc3)C2=O)cc1
124353745,CCCCCn1c(=N)c(C(=O)NCc2ccc(C)cc2)cc2c(=O)n3ccccc3nc21
17007315,COc1ccccc1N1C(=O)/C(=C\c2ccc(C(C)C)cc2)SC1=S
17004825,COc1ccc(/C=C2\SC(=O)N(c3ccccc3OC)C2=O)cc1
17147300,CCOC(=O)c1cnc2ccc(C(=O)OC)cc2c1NCCCN(C)C
17015109,C=CCn1cc(/C=c2\sc3n(c2=O)C(c2ccc(OCC)c(OCC)c2)C(C(=O)OCC)=C(C)N=3)c2ccccc21
16972478,COc1ccc(/C=C2/SC(=S)N(c3ccccc3OC)C2=O)cc1OC
16972475,COc1ccccc1N1C(=O)/C(=C\c2ccccc2)SC1=S
16963761,COc1ccc(/C=C2\SC(=O)N(C)C2=O)cc1
16954508,CC(C)(C)c1ccc(O)c(CNC2CCCCC2)c1
56364599,CCOC(=O)c1c(NC(=O)c2ccccc2)sc2c(O)c(CN(C)C)ccc12
17121322,CCOC(=O)C1=C(C)N=c2s/c(=C\c3ccc(OC(=O)c4ccccc4Cl)cc3)c(=O)n2C1c1ccccc1
17012022,CCOC(=O)C1=C(C)N=c2s/c(=C\c3ccc(N(CC)CC)cc3)c(=O)n2C1c1ccc(OC)c(OC)c1
124353641,CCOC(=O)c1c(C)n(-c2ccc(OC)cc2)c2ccc(OC(C)=O)cc12
16969557,CCOc1ccc(/C=C2/SC(Nc3cccc(C)c3)=NC2=O)cc1
17034265,CC(=O)Oc1ccc2c(c1)c(C(C)=O)c(C)n2-c1ccccc1
124752203,CCOC(=O)c1cc2c(=O)n3ccccc3nc2n(CCc2ccc(OC)c(OC)c2)c1=N
17033260,CCOC(=O)c1c(C)n(-c2ccccc2)c2ccc(OS(=O)(=O)c3ccc(C)cc3)cc12
16983913,CCOC(=O)c1c(C)n(-c2cccc(C)c2)c2ccc(OC(C)=O)cc12
16967907,CCOC(=O)c1c(C)n(-c2ccc(Cl)cc2)c2ccc(OC(=O)/C=C/c3ccccc3)cc12
16967906,CCOC(=O)c1c(C)n(-c2ccc(C)cc2C)c2ccc(OC(=O)/C=C/c3ccccc3)cc12
16967905,COc1ccc(-n2c(C)c(C(C)=O)c3cc(OC(=O)/C=C/c4ccccc4)ccc32)cc1
16967899,CC(=O)c1c(C)n(-c2ccc(Cl)cc2)c2ccc(OC(=O)COc3ccccc3)cc12
16967897,CCOC(=O)c1c(C)n(-c2ccc(OCC)cc2)c2ccc(OC(=O)COc3ccccc3)cc12
16967896,CCOC(=O)c1c(C)n(-c2ccccc2)c2ccc(OC(=O)COc3ccccc3)cc12
16967271,Cc1c(C(=O)c2ccccc2)c2cc(OC(=O)c3ccccc3)ccc2n1-c1ccccc1
16963777,CCOC(=O)c1c(C)n(-c2ccc(OC)cc2)c2ccc(OC(=O)C#Cc3ccccc3)cc12
124752261,C=CCNC(=O)c1cc2c(=O)n3cccc(C)c3nc2n(CCc2ccc(OC)cc2)c1=N
17009030,CCOC(=O)C1=C(C)N=c2s/c(=C/c3ccccc3[N+](=O)[O-])c(=O)n2C1c1ccc(OC)c(OC)c1
16963380,CCOC(=O)c1c(C)n(C(C)C)c2ccc(OC(=O)c3ccccc3)cc12
17110443,C=CCOc1ccc(C2C(C(=O)OCC)=C(C)N=c3s/c(=C\c4ccc(OC)cc4OC)c(=O)n32)cc1
17143282,CN(C)c1ccc(/C=C/c2cc(=O)oc3ccccc23)cc1
17022567,CCN(CC)CCCNc1ccnc2cc3ccccc3cc12
17009029,CCOC(=O)C1=C(C)N=c2s/c(=C/c3ccccc3[N+](=O)[O-])c(=O)n2C1c1ccc(OC(C)=O)cc1
118052235,C=C(C)COc1ccccc1C(=O)Nc1ccccc1
118051099,CCOCCOc1ccccc1C(=O)Nc1ccccc1
17074911,COc1cc(-c2nc(-c3ccccc3)c(-c3ccccc3)[nH]2)ccc1OCc1ccccc1Cl
22397061,CCCCCOc1ccccc1C(=O)Nc1ccccc1
22396738,COCCOc1ccccc1C(=O)Nc1ccccc1
110472854,CCCCCCc1cc2cc(-c3nc4ccccc4[nH]3)/c(=N/c3ccccc3OC)oc2cc1O
17025164,COc1cc(-c2nc(-c3ccccc3)c(-c3ccccc3)[nH]2)cc(Br)c1OC
134221011,C/C=C1\CN2CC[C@H]1CC2[C@H](O)c1ccnc2ccc(OC)cc12
383535696,CCCSCc1nnc2sc(C(CC)c3ccccc3)nn12
124752355,CCCCn1c(=N)c(C(=O)NCc2ccc(OC)cc2)cc2c(=O)n3cccc(C)c3nc21
17094935,CCOC(=O)C1=C(C)N=c2s/c(=C\c3ccccc3OS(=O)(=O)c3ccccc3)c(=O)n2C1c1ccc(Cl)cc1
16964858,c1ccc(Cn2c(/N=N/c3c(Nc4ccccc4)ccc4ccccc34)nc3ccccc32)cc1
17126055,CCOC(=O)C1=C(C)N=c2s/c(=C/c3ccc(O)c(I)c3)c(=O)n2C1c1ccc(OCC)cc1
406166450,C=CCNCC(O)Cn1c2ccccc2c2ccccc21
24844773,Cc1ccc2c(c1)c1c(n2CC(O)CNC2CCCCC2)C(=O)CCC1
124752596,CCOCCCn1c(=N)c(C(=O)NCc2ccccc2Cl)cc2c(=O)n3cccc(C)c3nc21
16980705,COc1ccc2c(=O)cc(C(F)(F)C(F)F)oc2c1
16977725,Cc1ccc2oc(C(Cl)(Cl)Cl)cc(=O)c2c1
24844575,C=CCOc1c(C(=O)OCC)cnc2ccc(Cl)cc12
17034592,CCOC(=O)C1=C(C)N=c2s/c(=C\c3ccc(N(CC)CC)cc3)c(=O)n2C1c1ccccc1
124353680,CCOC(=O)c1cc2c(=O)n3cccc(C)c3nc2n(CC(C)C)c1=N
124354051,CCCCCn1c(=N)c(C(=O)NCc2ccc(C)cc2)cc2c(=O)n3cccc(C)c3nc21
17022361,CCCCCOC(=O)C1=C(C)NC(=O)NC1c1ccccc1Cl
17121321,CCOC(=O)C1=C(C)N=c2s/c(=C\c3ccc(OC(=O)c4cccc(Br)c4)c(OC)c3)c(=O)n2C1c1ccccc1
17008982,C=CCOc1ccc(/C=c2/sc3n(c2=O)C(c2ccc(OC)c(OC)c2)C(C(=O)OCC)=C(C)N=3)cc1
17020044,CCCCCOC(=O)C1=C(C)NC(=S)NC1c1ccccc1OCCC
17019985,CCCCOC(=O)C1=C(C)NC(=O)NC1c1ccc(N(CC)CC)cc1
17019882,CCCCCOC(=O)C1=C(C)NC(=O)NC1c1ccc(OC)c(Br)c1
17019824,CCOc1ccccc1C1NC(=O)NC(C)=C1C(=O)OCCSCC
17019801,CCOCCOC(=O)C1=C(C)NC(=O)NC1c1ccccc1OCC
17019248,COCCOC(=O)C1=C(C)NC(=O)NC1c1ccccc1Br
124354161,CCCCNC(=O)c1cc2c(=O)n3ccccc3nc2n(CCc2ccc(OC)c(OC)c2)c1=N
17012476,CCCCCCOC(=O)C1=C(C)NC(=O)NC1c1ccc(N(C)C)cc1
17012461,COCCOC(=O)C1=C(C)NC(=O)NC1c1ccccc1OC(C)C
17012447,CCCCCCOC(=O)C1=C(C)NC(=O)NC1c1ccccc1F
17012440,CCCCCCOC(=O)C1=C(C)NC(=O)NC1c1ccc(Cl)cc1Cl
124751826,Cn1c(=N)c(C(=O)NCc2cccnc2)cc2c(=O)n3ccccc3nc21
17119275,CCOC(=O)C1=C(C)N=c2s/c(=C/c3cccc([N+](=O)[O-])c3O)c(=O)n2C1c1ccc(F)cc1
17001097,CCCCOC(=O)C1=C(C)NC(=O)NC1c1ccccc1Cl
17000953,CCCCOC(=O)C1=C(C)NC(=O)NC1c1ccccc1OCc1ccccc1
17000952,CCCCOC(=O)C1=C(C)NC(=O)NC1c1cc(Cl)cc(Cl)c1OC
17000297,CCOc1ccccc1C1NC(=O)NC(C)=C1C(=O)OCCOc1ccccc1
16992841,CSCCOC(=O)C1=C(C)NC(=O)NC1c1ccccc1Br
16991324,CCCOc1ccccc1C1NC(=O)NC(C)=C1C(=O)OCCSC
16991317,CCOCCOC(=O)C1=C(C)NC(=O)NC1c1ccccc1F
17093692,C=CCOc1ccc(C2C(C(=O)OCC)=C(C)N=c3s/c(=C/c4cc(Br)cc(OC)c4O)c(=O)n32)cc1OCC
17121332,CCOC(=O)C1=C(C)N=c2s/c(=C\c3cccc(OCc4ccccc4[N+](=O)[O-])c3)c(=O)n2C1c1ccc(OC)cc1
17058449,CCOC(=O)C1=C(C)N=c2s/c(=C/c3ccc(I)cc3)c(=O)n2C1c1ccc(O)cc1
16991223,CCCCCCCOC(=O)C1=C(C)NC(=O)NC1c1cc(Br)c(O)c(OC)c1
16991220,CCCCOC(=O)C1=C(C)NC(=O)NC1c1ccc(OC)c(OC)c1
16991212,CCCCOc1ccccc1C1NC(=O)NC(C)=C1C(=O)OCC(F)(F)F
124751957,N=c1c(C(=O)NCc2ccc3c(c2)OCO3)cc2c(=O)n3ccccc3nc2n1Cc1ccco1
16991163,CCCCCOC(=O)C1=C(C)NC(=O)NC1c1ccc(Cl)cc1
124751942,CCOCCCn1c(=N)c(C(=O)NCc2ccc(C)cc2)cc2c(=O)n3cccc(C)c3nc21
16987897,CCCCOc1ccc(C2NC(=O)NC(C)=C2C(=O)OCC)cc1
16982128,CCCCCCCOC(=O)C1=C(C)NC(=O)NC1c1ccc(OCC)cc1
16975314,C=CCOC(=O)C1=C(C)NC(=S)NC1c1ccccc1F
16975235,CCCCCOc1ccc(C2NC(=O)NC(C)=C2C(=O)OCCOC)cc1
160665593,COc1ccc(-c2cc(=O)oc3c4c(ccc23)OCN(c2ccc(NC(C)=O)cc2)C4)cc1
16993411,CCOC(=O)c1cn(NC(=O)c2cn(CC)c3cc(N4CCCC4)c(F)cc3c2=O)c2c(F)c(F)c(F)cc2c1=O
124752089,CCCn1c(=N)c(C(=O)NCc2ccccc2Cl)cc2c(=O)n3cccc(C)c3nc21
26513224,COc1ccc(Cl)cc1CNCCc1ccccc1
17130670,CCCOc1ccccc1C1C(C(=O)OCC)=C(C)N=c2s/c(=C/c3cc(I)c(O)c(OC)c3)c(=O)n21
17126049,CCOC(=O)C1=C(C)N=c2s/c(=C/c3cc(C)n(-c4ccc5c(c4)OCO5)c3C)c(=O)n2C1c1ccc(OCC)cc1
160665590,O=c1cc(-c2ccccc2)c2ccc3c(c2o1)CN(Cc1cccnc1)CO3
124752635,CCCCOc1ccccc1C(=O)Nc1nonc1-c1ccc(OC)c(OC)c1
17005738,COc1ccc(-c2nc(-c3ccc(C(=O)c4ccccc4)cc3)c(-c3ccccc3)[nH]2)cc1
17147244,CCOC(=O)c1ccc2ncc(C(=O)OCC)c(NCCCOC(=O)c3ccccc3)c2c1
24379435,CN(C)CCNCc1ccc(-c2ccc(Br)cc2)o1
24712218,COc1cc(CNCCO)ccc1OCc1ccc(Cl)cc1
16976483,C=CCn1c(=N)c(C(=O)NCc2ccc(C)cc2)cc2c(=O)n3ccccc3nc21
124353705,COCCCNC(=O)c1cc2c(=O)n3ccccc3nc2n(CCc2ccc(OC)cc2)c1=N
17014340,CCN(CC)c1ccc(Nc2nc(-c3ccccn3)cs2)cc1
16990204,Cc1ccc(C)c(-c2csc(Nc3ccc(I)cc3)n2)c1
162011268,CCCCOc1cccc(C(=O)Nc2nonc2-c2ccc(OCC)cc2)c1
17093689,C=CCOc1ccc(C2C(C(=O)OCC)=C(C)N=c3s/c(=C/c4ccc(O)c(OC)c4)c(=O)n32)cc1OCC
17093442,CCOC(=O)C1=C(C)N=c2s/c(=C\c3cc(I)c(O)c(I)c3)c(=O)n2C1c1ccc(OCC)cc1
16987950,O=C1c2ccccc2-c2nnc(-c3ccc4c(c3)OCO4)cc21
17110442,C=CCOc1ccc(C2C(C(=O)OCC)=C(C)N=c3s/c(=C\c4c[nH]c5ccccc45)c(=O)n32)cc1
17027805,C=CCNC(=O)CSc1nc2ccccc2c(=O)n1CC
17058341,O=C(CCCOc1ccc(Cl)cc1Cl)Nc1ccc(Cl)cc1Cl
17008975,C=CCOc1ccc(/C=c2/sc3n(c2=O)C(c2ccc(Cl)cc2)C(C(=O)OCC)=C(C)N=3)cc1
17008974,CCOC(=O)C1=C(C)N=c2s/c(=C/c3cccc4ccccc34)c(=O)n2C1c1ccc(OC(C)=O)cc1
17141479,CCCNC(=O)c1cc(I)ccc1NC(=O)c1ccc(Cl)cc1Cl
17114842,COc1ccccc1OC(=O)Cc1cccc2ccccc12
17032000,O/N=C1/C(c2ccccc2)=Nc2ccccc21
17141465,C=CCNC(=O)c1cc(Cl)ccc1NC(=O)c1ccc(Cl)cc1Cl
17058334,O=C(CCCOc1ccc(Cl)cc1Cl)Nc1ccccc1
17139185,Cc1cc(O)ccc1NC(=O)c1ccc(Cl)cc1Cl
16985387,COc1ccc(/C=N/c2ccc(N3CCOCC3)cc2)cc1Br
17008973,C=CCOc1ccc(/C=c2/sc3n(c2=O)C(c2ccc(OC(C)=O)cc2)C(C(=O)OCC)=C(C)N=3)cc1
17114617,O=C(Nc1cc(Cl)c(O)c(Cl)c1)c1ccc(Cl)cc1Cl
17110461,C=CCOc1ccc(C2C(C(=O)OCC)=C(C)N=c3s/c(=C\c4cc(Br)c(OC(C)=O)c(OC)c4)c(=O)n32)cc1
17110452,C=CCOc1ccc(C2C(C(=O)OCC)=C(C)N=c3s/c(=C\c4ccco4)c(=O)n32)cc1
17118022,COC(=O)c1ccc(/C=C2\SC(Nc3ccc(F)cc3)=NC2=O)cc1
17060333,O=C(Nc1ccncc1)c1ccc(Cl)cc1[N+](=O)[O-]
17008972,CCOC(=O)C1=C(C)N=c2s/c(=C/c3ccc(N(CC)CC)cc3)c(=O)n2C1c1ccc(OC(C)=O)cc1
17008971,CCOC(=O)C1=C(C)N=c2s/c(=C/c3ccc(Br)cc3)c(=O)n2C1c1ccc(OC(C)=O)cc1
16975379,COCCCNC(=O)c1cc2c(=O)n3ccccc3nc2n(Cc2ccncc2)c1=N
17109901,CCOC(=O)C1=C(C)N=c2s/c(=C\c3ccc(N(C)C)cc3)c(=O)n2C1c1ccc(SC)cc1
53801359,Nc1ccc(-c2nc3ccccc3[nH]2)cc1
53801324,Nc1cccc(-c2nc3ccccc3[nH]2)c1
17021689,C/C=C/C(=O)Nc1ccc(-c2nc3ccccc3[nH]2)cc1
16982296,c1ccc(-c2ccc(-c3nc(-c4ccccc4)[nH]c3-c3ccc(-c4ccccc4)cc3)cc2)cc1
16982264,Oc1ccc(-c2nc(-c3ccc(-c4ccccc4)cc3)c(-c3ccc(-c4ccccc4)cc3)[nH]2)cc1
124353698,C=CCn1c(=N)c(C(=O)NCc2ccc(OC)cc2)cc2c(=O)n3cccc(C)c3nc21
17024661,O=C(c1ccccc1[N+](=O)[O-])N(Cc1ccccc1)c1ccccn1
16969635,COCCCNc1nc(-c2ccccc2)nc2ccccc12
124751910,Cc1ccc(CNC(=O)c2cc3c(=O)n4cccc(C)c4nc3n(Cc3ccc(F)cc3)c2=N)cc1
24379128,CCCCNCc1ccc(Cl)cc1
164170506,CN1CCN(c2ccc(NC(=O)c3ccc(-c4ccc(Cl)cc4Cl)o3)cc2)CC1
163630477,O=C(Nc1ccccc1Cl)c1ccc(-c2ccc(Cl)cc2[N+](=O)[O-])o1
17013053,O=C(Nc1ccc(Cl)cc1Cl)c1ccc(-c2ccccc2[N+](=O)[O-])o1
16998368,O=C(Nc1ccc(N2CCOCC2)c(Cl)c1)c1ccc(-c2ccc(Cl)cc2Cl)o1
17126040,CCOC(=O)C1=C(C)N=c2s/c(=C/c3ccc(O)c(I)c3)c(=O)n2C1c1ccccc1Cl
163628880,CCCn1c(=N)c(C(=O)NC2CCCCC2)cc2c(=O)n3ccccc3nc21
17109956,CCOC(=O)C1=C(C)N=c2s/c(=C\c3cc(I)c(O)c(I)c3)c(=O)n2C1c1ccc(Br)cc1
124751959,COCCCn1c(=N)c(C(=O)NCC(C)C)cc2c(=O)n3cccc(C)c3nc21
17126797,CCCN1C(=O)S/C(=C\c2ccc(OCc3ccccc3F)c(OC)c2)C1=O
16973638,O=c1cc(-c2ccccc2)c2ccc3c(c2o1)CN(c1ccc(F)cc1)CO3
17141399,COc1ccc(NC(=O)c2cc(I)ccc2NC(=O)c2cccc(C)c2)cc1
17002931,COc1ccc(-c2[nH]c(-c3ccc(Br)cc3)nc2-c2ccccc2)cc1
17115837,COc1ccc(C(=O)Nc2cc(Cl)ccc2OC(=O)c2ccc(OC)cc2)cc1
22397775,Cn1nnnc1SCCCNCc1ccc(-c2ccc(F)c(Cl)c2)o1
17079922,COc1ccc(NC(=O)c2cc(Cl)ccc2N)cc1
17144805,Cc1ccc(CNCCCN(C)C)o1
17008968,CCOC(=O)C1=C(C)N=c2s/c(=C/c3ccc(-c4ccccc4Cl)o3)c(=O)n2C1c1ccc(OC(C)=O)cc1
17094767,CCOC(=O)C1=C(C)N=c2s/c(=C\c3ccc(OCCOc4ccc(C)cc4)cc3)c(=O)n2C1c1ccccc1
170364556,O=C(NC(=S)NC1CCN(Cc2ccccc2)CC1)c1ccco1
17130465,COc1cccc(NC(=O)Cn2cc(C=O)c3ccccc32)c1
17126033,CCOC(=O)C1=C(C)N=c2s/c(=C/c3ccc(N(CC)CC)cc3O)c(=O)n2C1c1ccccc1Cl
163627914,Nc1cc(C(=O)Nc2cccc(C(F)(F)F)c2)ccc1Cl
103023652,O=C(Nc1cccc(C(F)(F)F)c1)c1cccnc1Cl
17008932,CCOC(=O)C1=C(C)N=c2s/c(=C/c3c(Cl)cccc3Cl)c(=O)n2C1c1ccc(OC(C)=O)c(OC)c1
17111138,COc1ccc(Cl)cc1C(=O)NC(=S)Nc1cccc(C(F)(F)F)c1
17088489,O=C(/C=C/c1cccc(Cl)c1)Nc1cccc(C(F)(F)F)c1
17048906,COc1ccc(Cc2nnc(NC(=O)CCCOc3ccc(Cl)cc3Cl)s2)cc1OC
17110441,C=CCOc1ccc(C2C(C(=O)OCC)=C(C)N=c3s/c(=C\c4ccc(C)c(Br)c4)c(=O)n32)cc1
17110427,CCOC(=O)C1=C(C)N=c2s/c(=C\c3cc(I)c(O)c(OC)c3)c(=O)n2C1c1ccc(OC(C)C)cc1
17011862,CCCCCC(=O)Nc1nnc(Cc2ccc(OC)c(OC)c2)s1
17126190,CCCCOc1ccc(C(=O)Nc2ccc3nc(SCc4cccc5ccccc45)sc3c2)cc1
17128993,CCN(CC)c1ccc(/C=c2\sc3n(c2=O)C(c2ccc(Cl)cc2)C(C(=O)OC(C)C)=C(C)N=3)c(OC)c1
16978442,Nc1ccccc1C(=O)Nc1cccc(C(F)(F)F)c1
342615048,Cc1cc2nc(-c3ccc(N)cc3)[nH]c2cc1C
17110468,C=CCOc1ccc(C2C(C(=O)OCC)=C(C)N=c3s/c(=C\c4ccc(C(=O)O)cc4)c(=O)n32)cc1
17146139,Nc1ccc(-c2nc3cc(O)ccc3[nH]2)cc1
17000424,Nc1ccc(-c2nc3ccc(-c4nc5ccc(N)cc5[nH]4)cc3[nH]2)cc1
49843816,Cc1cc(NC(=O)c2ccc3c(c2)c(C)c(C)n3Cc2ccccc2)no1
124353668,COc1ccc(CCn2c(=N)c(C(=O)NC(C)C)cc3c(=O)n4cccc(C)c4nc32)cc1
17036044,CCOC(=O)C1=C(C)N=c2s/c(=C\c3cc(I)c(O)c(OC)c3)c(=O)n2C1c1ccc(OC)cc1
124751988,CCCCCn1c(=N)c(C(=O)NCCc2ccc(OC)cc2)cc2c(=O)n3ccccc3nc21
251912671,O=C1c2ccccc2C(=O)N1CCCCN1C(=O)c2ccccc2C1=O
17034645,CCOC(=O)C1=C(C)N=c2s/c(=C\c3ccc(N(CC)CC)cc3OC)c(=O)n2C1c1ccc2c(c1)OCO2
49844936,COc1ccc(C(=O)Nc2ccc(N3CCCC3)cc2)cc1OC
124752351,COc1ccc(CNC(=O)c2cc3c(=O)n4cccc(C)c4nc3n(CC3CCCO3)c2=N)cc1
46499641,COc1ccc(C(=O)Nc2ccc(N3CCN(Cc4ccccc4)CC3)cc2)cc1OC
17093358,CCOC(=O)C1=C(C)N=c2s/c(=C\c3ccc(OC(C)=O)c(OC)c3)c(=O)n2C1c1ccccc1OC
175614478,COc1ccc(CCNCc2ccc(Cl)cc2)cc1OC
17008929,CCOC(=O)C1=C(C)N=c2s/c(=C/c3ccc(Cl)c(Cl)c3)c(=O)n2C1c1ccc(OC(C)=O)c(OC)c1
17110440,C=CCOc1ccc(C2C(C(=O)OCC)=C(C)N=c3s/c(=C/c4ccccc4Cl)c(=O)n32)cc1
124352850,C=C(C)COc1cccc(C(=O)Nc2ccccc2O)c1
17110439,C=CCOc1ccc(C2C(C(=O)OCC)=C(C)N=c3s/c(=C\c4cccc(O)c4)c(=O)n32)cc1
16972567,COc1ccccc1C(=O)Oc1cccc2ccccc12
16974741,CCCCn1c(=N)c(C(=O)NCc2ccco2)cc2c(=O)n3cccc(C)c3nc21
17006373,O=C(NC1CCN(Cc2ccccc2)CC1)c1ccc([N+](=O)[O-])cc1
17047831,CCOCCCNC(=O)CCCOc1ccc(Cl)cc1Cl
16974740,C=CCNC(=O)c1cc2c(=O)n3cccc(C)c3nc2n(CCCC)c1=N
17113548,Cc1cccc(C(=O)Nc2ccccc2O)c1
17149171,COc1cc(CNCCc2ccc(S(N)(=O)=O)cc2)ccc1OCc1ccc(Cl)cc1
17113313,CCOc1ccc(C(=O)Nc2ccccc2O)cc1
17113311,CC(C)(C)c1ccc(C(=O)Nc2ccccc2O)cc1
17023748,O=C(Nc1ccccc1[N+](=O)[O-])c1cccc(Oc2cccc([N+](=O)[O-])c2)c1
17118021,COc1cc(/C=C2\SC(Nc3ccc(F)cc3)=NC2=O)cc(OC)c1OC
17126173,CCCCOc1ccc(C(=O)Nc2ccc3nc(SCc4c(C)cc(C)cc4C)sc3c2)cc1
124752129,COc1ccc(CNC(=O)c2cc3c(=O)n4ccccc4nc3n(CCCOC(C)C)c2=N)cc1
124751945,Cc1cccn2c(=O)c3cc(C(=O)NC(C)C)c(=N)n(Cc4ccccc4)c3nc12
251913859,COc1ccc(C(=O)Nc2ccc(N3CCN(C(=O)c4ccc(Cl)cc4)CC3)cc2)cc1OC
17042186,O=c1cc(NC2CCN(CCc3ccccc3)CC2)c2ccccc2o1
195199940,COc1ccc(C(=O)N2CCN(c3ccc(NC(=O)c4cccc(Cl)c4)cc3)CC2)cc1
17008928,CCOC(=O)C1=C(C)N=c2s/c(=C/c3ccc(Cl)cc3)c(=O)n2C1c1ccc(OC(C)=O)c(OC)c1
124750659,Cc1ccc(Cn2c(=N)c(C(=O)NCc3ccco3)cc3c(=O)n4cccc(C)c4nc32)cc1
195199146,O=C(Nc1ccc(N2CCN(Cc3ccccc3)CC2)cc1)c1cccc(Cl)c1
17119270,COc1ccc(C2C(C(=O)OC(C)C)=C(C)N=c3s/c(=C/c4cccc([N+](=O)[O-])c4O)c(=O)n32)cc1
164170776,COc1ccc(C(=O)Nc2ccc(N3CCC(C)CC3)cc2)cc1OC
17119263,CCOC(=O)C1=C(C)N=c2s/c(=C/c3cc([N+](=O)[O-])ccc3N3CCCC3)c(=O)n2C1c1ccc(OC)cc1
17119260,CCOC(=O)C1=C(C)N=c2s/c(=C/c3cc([N+](=O)[O-])ccc3N3CCCC3)c(=O)n2C1c1cccc(OC)c1
16975372,CNC(=O)c1cc2c(=O)n3cccc(C)c3nc2n(Cc2ccncc2)c1=N
164169634,CC(=O)N1CCN(c2ccc(NC(=O)c3cccc(Cl)c3)cc2)CC1
124354104,CCCCCn1c(=N)c(C(=O)NCc2ccc(OC)cc2)cc2c(=O)n3cccc(C)c3nc21
17118020,COc1cccc(/C=C2\SC(Nc3ccc(F)cc3)=NC2=O)c1
124752120,COC(=O)c1cc2c(=O)n3cccc(C)c3nc2n(CCc2ccc(OC)c(OC)c2)c1=N
223652349,COc1ccc(-c2cc(=O)oc3c(C)c4c(cc23)CN(Cc2ccc(OC)c(OC)c2)CO4)cc1
49845003,COc1ccc(C(=O)Nc2ccc(N3CCN(Cc4ccccc4)CC3)cc2)cc1Cl
124353465,COCCNC(=O)c1cc2c(=O)n3ccccc3nc2n(C)c1=N
17008926,CCOC(=O)C1=C(C)N=c2s/c(=C/c3ccco3)c(=O)n2C1c1ccc(OC(C)=O)c(OC)c1
16998921,COc1cccc(C(=O)Nc2ccc(N3CCN(Cc4ccccc4)CC3)cc2)c1
16970161,COCCNc1c2c(nc3ccccc13)CCC2
195197573,O=C(Nc1ccc(N2CCOCC2)cc1)c1cccs1
164336050,CCCCNC(=O)c1ccc(NC(=O)c2cccs2)cc1
164169963,CCCC(=O)N1CCN(c2ccc(NC(=O)c3cccs3)cc2)CC1
17110438,C=CCOc1ccc(C2C(C(=O)OCC)=C(C)N=c3s/c(=C\c4ccc(O)cc4)c(=O)n32)cc1
118051560,COCCNC(=O)c1ccc(NC(=O)c2cccs2)cc1
118051528,COCCCNC(=O)c1ccc(NC(=O)c2cccs2)cc1
118051138,CCOCCOc1ccc(NC(=O)c2cccs2)cc1
118051132,C=C(C)COc1ccc(NC(=O)c2cccs2)cc1
17008922,C=CCOc1ccc(/C=c2/sc3n(c2=O)C(c2ccccc2)C(C(=O)OCC)=C(C)N=3)cc1
46499546,CCN(CC)c1ccc(NC(=O)c2ccccc2F)cc1
26675580,CC(C)CC(=O)N1CCN(c2ccc(NC(=O)c3cccs3)cc2)CC1
26513543,O=C(Nc1ccc(N2CCN(C(=O)c3cccs3)CC2)cc1)c1cccs1
24712076,CCC(=O)Nc1ccc(N(CC)CC)cc1
24380219,CCN(CC)c1ccc(NC(=O)Cc2cccs2)cc1
17007421,COC(=O)C1=C(C)N=c2s/c(=C/c3ccc(Cl)cc3)c(=O)n2C1c1ccc(OC(C)=O)cc1
17139714,CCc1ccc(C(=O)Nc2ccc(N(CC)CC)cc2)cc1
124752675,CCn1c(=N)c(C(=O)NCCc2ccc(OC)c(OC)c2)cc2c(=O)n3cccc(C)c3nc21
17127603,CCN(CC)c1ccc(NC(=O)c2ccccc2O)cc1
17125815,CCC(=O)NC(=S)Nc1ccc(NC(=S)NC(=O)c2cccs2)cc1
17117002,CCN(CC)c1ccc(NC(=O)c2ccc(N(C)C)cc2)cc1
17110472,C=CCOc1ccc(C2C(C(=O)OCC)=C(C)N=c3s/c(=C/c4ccc(OC)c(OC)c4OC)c(=O)n32)cc1
17113732,CCN(CC)c1ccc(NC(=O)c2cccc(C(=O)Nc3ccc(N(CC)CC)cc3)n2)cc1
124752260,CCCCn1c(=N)c(C(=O)NCCc2ccc(OC)cc2)cc2c(=O)n3cccc(C)c3nc21
17118015,COc1ccccc1/C=C1\SC(Nc2ccc(F)cc2)=NC1=O
17002922,COc1ccc(-c2[nH]c(-c3ccc(C)cc3)nc2-c2ccccc2)cc1
17110471,C=CCOc1ccc(C2C(C(=O)OCC)=C(C)N=c3s/c(=C\c4ccc(OC)cc4C)c(=O)n32)cc1
16974735,CCCn1c(=N)c(C(=O)NCCCOC)cc2c(=O)n3cccc(C)c3nc21
17112558,CCN(CC)c1ccc(NC(=O)c2ccc(F)cc2)cc1
17112544,CCN(CC)c1ccc(NC(=O)c2ccc(Br)cc2)cc1
17112421,CCN(CC)c1ccc(NC(=O)c2cccc(C)c2)cc1
164169688,O=C(NC(=S)Nc1ccc(NC(=O)c2cccs2)cc1)c1ccc(Cl)cc1
124352532,O=C(NC(=S)NC1CCN(Cc2ccccc2)CC1)C1CC1
16975697,CCOc1ccc(NC(=O)c2cc3c(=O)n4ccccc4nc3n(CCOC)c2=N)cc1
17138013,CC(C)CNC(=O)CCCOc1ccc(Cl)cc1Cl
17007415,CCOC(=O)C1=C(C)N=c2s/c(=C/c3ccccc3OC(C)=O)c(=O)n2C1c1ccc(C)cc1
17102731,CC(=O)N(C)c1ccc(NC(=S)NC(=O)c2cccs2)cc1
17007408,CCOC(=O)C1=C(C)N=c2s/c(=C\c3ccccc3OC)c(=O)n2C1c1ccc(OC(C)=O)cc1
124752574,CCOCCCn1c(=N)c(C(=O)NCc2ccc(OC)cc2)cc2c(=O)n3cccc(C)c3nc21
17097930,CCN(CC)c1ccc(NC(=O)c2ccccc2I)cc1
17007407,CCOC(=O)C1=C(C)N=c2s/c(=C\c3cn(-c4ccccc4)nc3-c3ccccc3)c(=O)n2C1c1ccc(OC(C)=O)cc1
17087928,CCN(CC)c1ccc(NC(=O)c2c(Cl)cccc2Cl)cc1
17080849,CCN(CC)c1ccc(NC(=O)c2csc3ccccc23)cc1
124752549,COc1ccc(CCn2c(=N)c(C(=O)NCC(C)C)cc3c(=O)n4cccc(C)c4nc32)cc1OC
17117914,CCOc1ccc(/C=C2\SC(Nc3ccc(F)cc3)=NC2=O)cc1
17117912,COc1ccc(/C=C2\SC(Nc3ccc(F)cc3)=NC2=O)cc1
17026253,Nc1ccc(NC(=O)c2cccs2)cc1
17110459,C=CCOc1ccc(C2C(C(=O)OCC)=C(C)N=c3s/c(=C\c4cccc(OC(C)=O)c4)c(=O)n32)cc1
17022864,CCCCOC(=O)c1ccc(NC(=O)c2cccs2)cc1
124750576,CCOCCCn1c(=N)c(C(=O)OCC)cc2c(=O)n3cccc(C)c3nc21
17006717,CCN(CC)c1ccc(NC(=O)c2ccccc2C(=O)O)cc1
124750573,Cc1cccn2c(=O)c3cc(C(=O)NCc4ccco4)c(=N)n(CC4CCCO4)c3nc12
17001116,CCCCCCOC(=O)c1ccc(NC(=O)c2cccs2)cc1
17000371,CCN(CC)c1ccc(NC(=O)c2ccc(-c3ccccc3)cc2)cc1
16998980,CS(=O)(=O)N1CCN(c2ccc(NC(=O)c3cccs3)cc2)CC1
17007405,CCOC(=O)C1=C(C)N=c2s/c(=C\c3ccc(Cl)c(Cl)c3)c(=O)n2C1c1ccc(OC(C)=O)cc1
17138487,CC(C)CCNC(=O)CCCOc1ccc(Cl)cc1Cl
124353718,COCCNC(=O)c1cc2c(=O)n3cccc(C)c3nc2n(CCCOC(C)C)c1=N
16998207,CC(C)CC(=O)NC(=S)Nc1ccc(NC(=O)c2cccs2)cc1
16997943,CCCC(=O)NC(=S)Nc1ccc(NC(=O)c2cccs2)cc1
16996633,CCN(CC)c1ccc(NC(=S)NC(=O)c2cccs2)cc1
16996621,CN(C)c1ccc(NC(=S)NC(=O)c2cccs2)cc1
16979521,O=C(Nc1ccc(I)cc1)c1cccs1
16965548,CCN(CC)c1ccc(NC(=O)c2ccco2)cc1
16962825,CN(C)c1ccc(NC(=O)c2cccs2)cc1
17110458,C=CCOc1ccc(C2C(C(=O)OCC)=C(C)N=c3s/c(=C\c4ccc(OC(C)=O)c(OC)c4)c(=O)n32)cc1
17007402,CCOC(=O)C1=C(C)N=c2s/c(=C/c3cccc([N+](=O)[O-])c3)c(=O)n2C1c1ccc(C)cc1
17093126,CCOC(=O)C1=C(C)N=c2s/c(=C\c3ccc(N(CC)CC)cc3)c(=O)n2C1c1ccc(C)cc1
17107351,COc1ccc(C(=O)Nc2ccc(N3CCCC3)c(Cl)c2)cc1Br
17007399,CCOC(=O)C1=C(C)N=c2s/c(=C\c3cc(Br)ccc3OC(C)=O)c(=O)n2C1c1ccc(OC)cc1
16970770,CCOC(=O)c1cnc2c(ccc3ccccc32)c1Nc1cccc(C(C)=O)c1
17121320,CCOC(=O)C1=C(C)N=c2s/c(=C\c3ccc(OC(=O)c4ccccc4Cl)c(OC)c3)c(=O)n2C1c1ccccc1
17115544,CCN(CC)c1ccc(NC(=O)c2cccc(OC)c2)c(C)c1
17110592,COc1ccc(/C=C2\SC(Nc3ccc(C)cc3)=NC2=O)cc1C
17059422,COc1cccc(C(=O)Nc2ccc(I)cc2)c1
135658851,CCOc1cccc(C(=O)Nc2nnc(S(C)(=O)=O)s2)c1
16974730,CCCCn1c(=N)c(C(=O)NC2CCCCC2)cc2c(=O)n3cccc(C)c3nc21
17015439,CCOc1ccc(-c2nc(NC(=O)c3ccc([N+](=O)[O-])cc3)sc2C)cc1
124751981,CCCCCn1c(=N)c(C(=O)NCc2ccccc2Cl)cc2c(=O)n3ccccc3nc21
242040549,CCOC(=O)c1cnc2ccccc2c1Nc1ccc(N2CCOCC2)cc1
16974729,CCCCn1c(=N)c(C(=O)NC(C)c2ccccc2)cc2c(=O)n3cccc(C)c3nc21
17110457,C=CCOc1ccc(C2C(C(=O)OCC)=C(C)N=c3s/c(=C\c4ccc(OC(C)=O)cc4)c(=O)n32)cc1
16968702,CC(Nc1ccc(Cl)cc1)c1cc(Cl)ccc1O
251914302,COc1cc(NC(=O)c2ccc(-c3ccc(Br)cc3)o2)c(N2CCOCC2)cc1OC
251913996,COc1ccc(N2CCOCC2)c(NC(=O)c2ccc(-c3ccc(Br)cc3)o2)c1
17121329,CCOC(=O)C1=C(C)N=c2s/c(=C\c3ccc(OC(=O)c4ccco4)c(OC)c3)c(=O)n2C1c1ccccc1
195197838,O=C(Nc1ccc(N2CCOCC2)c(Cl)c1)c1ccc(-c2ccc(F)cc2)o1
17093441,C=CCOc1ccc(/C=c2\sc3n(c2=O)C(c2ccc(OCC)cc2)C(C(=O)OCC)=C(C)N=3)cc1OC
17130260,C=CCc1cc(/C=c2/sc3n(c2=O)C(c2cccc(OC)c2OCC)C(C(=O)OCC)=C(C)N=3)cc(OC)c1O
164168640,O=C(Nc1ccc(N2CCOCC2)cc1)c1ccc(-c2ccc(F)cc2)o1
17004528,CCOC(=O)C1=C(C)N=c2s/c(=C\c3cccc([N+](=O)[O-])c3)c(=O)n2C1c1ccccc1F
46499789,CC(=O)N1CCN(c2ccc(NC(=O)c3ccc(-c4ccc(Br)cc4)o3)cc2)CC1
124353997,COCCCn1c(=N)c(C(=O)NCc2ccc(OC)cc2)cc2c(=O)n3ccccc3nc21
17093687,C=CCOc1ccc(C2C(C(=O)OCC)=C(C)N=c3s/c(=C/c4cc(Cl)ccc4O)c(=O)n32)cc1OCC
17109400,CCOC(=O)C1=C(C)N=c2s/c(=C\c3ccc(N(C)C)cc3)c(=O)n2C1c1ccc(O)cc1
17094766,CCOC(=O)C1=C(C)N=c2s/c(=C\c3ccccc3OCCOc3ccc(C)cc3)c(=O)n2C1c1ccccc1
17007398,CCOC(=O)C1=C(C)N=c2s/c(=C\c3ccc(OC(C)=O)c(OC)c3)c(=O)n2C1c1ccc(OC)cc1
17148624,O=C(NC(=S)Nc1ccc(CN2CCOCC2)cc1)c1ccc(Br)cc1
175614344,COc1cccc(CNCCc2ccc(Cl)cc2)c1OC
17107507,O=C(NC(=S)Nc1ccc(N2CCCC2)cc1)c1ccc(-c2ccc(Br)cc2)o1
17095699,O=C(Nc1ccc(N2CCOCC2)c(Cl)c1)c1ccc(-c2ccc(Br)cc2)o1
17007396,CCOC(=O)C1=C(C)N=c2s/c(=C\c3ccccc3OC(C)=O)c(=O)n2C1c1ccc(OC)cc1
17128981,CC(=O)Oc1ccc(/C=c2\sc3n(c2=O)C(c2ccc(Cl)cc2)C(C(=O)OC(C)C)=C(C)N=3)cc1
16998918,O=C(Nc1ccc(N2CCN(Cc3ccccc3)CC2)cc1)c1ccc(Br)o1
17150580,CCCc1c2ccccc2nc2ccccc12
17007394,CCOC(=O)C1=C(C)N=c2s/c(=C\c3cc(Br)ccc3OC(C)=O)c(=O)n2C1c1ccc(C)cc1
124353464,COCCNC(=O)c1cc2c(=O)n3cccc(C)c3nc2n(Cc2ccccc2)c1=N
16977662,COc1ccc(-c2csc(N/N=C/c3ccc([N+](=O)[O-])cc3)n2)cc1
17007388,COC(=O)C1=C(C)N=c2s/c(=C\c3ccc([N+](=O)[O-])cc3)c(=O)n2C1c1ccc(OC)cc1
49700497,COc1cc(CNCCO)cc(Cl)c1OCc1ccccc1
26513055,CCOc1c(Cl)cc(CNCCN(C)C)cc1OC
26512926,CCOc1c(Cl)cc(CNCCOC)cc1OC
22397605,CCOc1c(Cl)cc(CNCCc2ccc(OC)cc2)cc1OC
163628874,CNC(=O)c1cc2c(=O)n3cccc(C)c3nc2n(CCOC)c1=N
124752413,COCCCn1c(=N)c(C(=O)NCc2ccc(OC)cc2)cc2c(=O)n3cccc(C)c3nc21
17007386,COC(=O)C1=C(C)N=c2s/c(=C\c3cc(Br)ccc3OC(C)=O)c(=O)n2C1c1ccc(OC)cc1
17007384,CCOC(=O)C1=C(C)N=c2s/c(=C\c3ccccc3OC(C)=O)c(=O)n2C1c1cccs1
17037357,O=C(COc1ccc(Cl)cc1Cl)NCCSCc1ccc(Cl)cc1Cl
26512715,Nc1ccc(NC(=O)Nc2ccc(Cl)c(Cl)c2)cc1[N+](=O)[O-]
17151009,COC(=O)/C=C/C(=O)Nc1ccc(F)c(Cl)c1
17007348,CCOC(=O)C1=C(C)N=c2s/c(=C\c3cccc(Br)c3)c(=O)n2C1c1ccc(OC(C)=O)cc1
17026538,COCCOC(=O)C1=C(C)N=c2s/c(=C/c3ccccc3OC)c(=O)n2C1c1ccc(OC)cc1
135658999,COCCCn1c(C(=O)NCc2ccc(C)cc2)cc2c(=O)n3ccccc3nc21
17102553,CC(=O)NC(=S)Nc1ccc(Cl)c(Cl)c1
17101911,O=C(Nc1ccc(Cl)cc1)Nc1cc(Cl)c(Cl)cc1Cl
17099508,O=C(CCCCC(=O)Nc1ccc(Cl)c(Cl)c1)Nc1ccc(Cl)c(Cl)c1
17110466,C=CCOc1ccc(C2C(C(=O)OCC)=C(C)N=c3s/c(=C\c4ccc(C)c(OC)c4)c(=O)n32)cc1
17110465,C=CCOc1ccc(C2C(C(=O)OCC)=C(C)N=c3s/c(=C\c4cn(CC=C)c5ccccc45)c(=O)n32)cc1
17072014,COc1ccc(CCNCc2ccc(Cl)cc2)cc1
124353463,COCCNC(=O)c1cc2c(=O)n3ccccc3nc2n(Cc2ccco2)c1=N
17007347,CCOC(=O)C1=C(C)N=c2s/c(=C\c3c(F)cccc3Cl)c(=O)n2C1c1ccc(OC(C)=O)cc1
163629475,C=CCn1c(CCCNC(C)=O)nc2ccccc21
16974742,CCCCn1c(=N)c(C(=O)NCc2cccnc2)cc2c(=O)n3cccc(C)c3nc21
16999365,COc1ccc(/C=C2/SC(c3ccc(C)cc3)=NC2=O)c(OC)c1
17007338,COC(=O)C1=C(C)N=c2s/c(=C\c3ccccc3OC(C)=O)c(=O)n2C1c1ccc(OC)cc1
17102682,Cc1ccc(C(=O)NC(=S)Nc2ccc(S(=O)(=O)N3CCCCCC3)cc2)cc1
17093437,C=CCOc1cccc(/C=c2\sc3n(c2=O)C(c2ccc(OCC)cc2)C(C(=O)OCC)=C(C)N=3)c1
17119448,C#CCOc1ccc(/C=c2/sc3n(c2=O)C(c2ccccc2OCC)C(C(=O)OCC)=C(C)N=3)cc1
17119261,CCOC(=O)C1=C(C)N=c2s/c(=C/c3cc([N+](=O)[O-])ccc3N3CCCC3)c(=O)n2C1c1ccccc1OC
17124621,CCOC(=O)C1=C(C)N=c2s/c(=C\c3ccc(N(C)C)cc3)c(=O)n2C1c1ccc(F)cc1
17093119,CCOC(=O)C1=C(C)N=c2s/c(=C\c3cc(OC)c(OC)cc3[N+](=O)[O-])c(=O)n2C1c1ccccc1Cl
252146786,CNc1ccc(OC)c(C(=O)NC2CCN(Cc3ccccc3)CC2)c1
16959797,COc1ccc([N+](=O)[O-])cc1C(=O)NC1CCN(Cc2ccccc2)CC1
24844328,OC(CNCc1ccccc1)Cn1c2c(c3ccccc31)CCCC2
17137993,COCCCNC(=O)COc1ccc(Cl)cc1Cl
17003852,O=C(CCCOc1ccc(Cl)cc1Cl)Nc1ccc(Cl)c(Cl)c1
17113412,O=C(Nc1nc2ccccc2s1)c1cccc(I)c1
17085566,COc1cc(C2NCCc3c2[nH]c2ccccc32)ccc1OC(C)C
17093434,C=CCOc1ccc(/C=c2\sc3n(c2=O)C(c2ccc(OCC)cc2)C(C(=O)OCC)=C(C)N=3)cc1Br
17074755,Cn1cc(I)c(C(=O)Nc2nc3ccccc3s2)n1
17007099,CCOC(=O)C1=C(C)N=c2s/c(=C/c3ccc(OC(C)=O)c(OCC)c3)c(=O)n2C1c1ccc(C)cc1
17060586,Cn1ncc(I)c1C(=O)Nc1nc2ccccc2s1
17002800,Oc1cccc(-c2nc(-c3ccccc3)c(-c3ccccc3)[nH]2)c1
17046531,COc1ccc(C2NCCc3c2[nH]c2ccccc32)cc1COc1ccc(Cl)cc1Cl
124352441,CC(=O)NC(=S)NC1CCN(Cc2ccccc2)CC1
17015407,Cc1ccc(C(=O)NC(=S)Nc2nc3ccccc3s2)cc1
17011852,CC(C)(C)c1ccc(C(=O)Nc2nnc(-c3ccccc3I)s2)cc1
17003251,Nc1ccc(C(=O)Nc2nc3cc(N)ccc3s2)cc1
17046528,COc1ccc(C2NCCc3c2[nH]c2ccccc32)cc1COc1ccccc1C1CCCCC1
16996612,O=C(NC(=S)Nc1nc2ccccc2s1)c1ccccc1
16989175,O=C1NC(=O)C2C1C1(c3ccccc3)C(=O)C2(c2ccccc2)C(c2ccc3c(c2)OCO3)=C1c1ccc2c(c1)OCO2
17007098,CCOC(=O)C1=C(C)N=c2s/c(=C\c3cc(Br)ccc3OC(C)=O)c(=O)n2C1c1ccc(OC(C)=O)cc1
16993718,COc1ccc(C(=O)NC(=S)Nc2nc3ccccc3s2)cc1
16983029,O=C(Nc1nc2ccccc2s1)c1cccc(C(Cl)(Cl)Cl)c1
16974249,CC(C)(C)c1ccc(OCCCC(=O)Nc2nc3ccccc3s2)cc1
17110437,C=CCOc1ccc(C2C(C(=O)OCC)=C(C)N=c3s/c(=C/c4ccccc4OC)c(=O)n32)cc1
26700608,Cc1ccc(-c2nc3ccccc3[nH]2)cc1NC(=O)c1cccc(I)c1
26700439,O=C(Nc1ccc(-c2nc3ccccc3[nH]2)cc1)c1cccc(I)c1
17035624,C=CCOc1ccc(C2C(C(=O)OCC)=C(C)N=c3s/c(=C\c4ccc(Cl)cc4)c(=O)n32)cc1
124752831,COCCCNC(=O)c1cc2c(=O)n3cccc(C)c3nc2n(Cc2ccc(OC)cc2)c1=N
172542971,Oc1ccccc1CN1CCCCC1
16965057,C=CCc1c(C)nc(-c2ccccc2)nc1O
16970618,CCOC(=O)c1cnc2c(Cl)cccc2c1Nc1cccc([N+](=O)[O-])c1
16981978,O=C(Nc1ccc(Cl)c(Cl)c1)C1C(c2ccccc2)=C1c1ccccc1
17093431,CCOC(=O)C1=C(C)N=c2s/c(=C\c3cc(Br)cc(I)c3O)c(=O)n2C1c1ccc(OCC)cc1
124751868,C=CCNC(=O)c1cc2c(=O)n3ccccc3nc2n(CCCOC(C)C)c1=N
16973041,Cc1ccc(N2CCN(c3c4c(c(C#N)c5nc6ccccc6n35)CCC4)CC2)cc1
16973040,Cc1ccc(N2CCN(c3cc(C)c(C#N)c4nc5ccccc5n34)CC2)cc1
16972786,N#Cc1c2c(c(Cl)n3c1nc1ccccc13)CCC2
251914464,Cc1cc(NC(=O)c2ccc(Br)o2)ccc1N1CCOCC1
17119230,CCOC(=O)C1=C(C)N=c2s/c(=C/c3cc([N+](=O)[O-])ccc3N3CCCCC3)c(=O)n2C1c1ccccc1OC
251912893,COc1ccc(C(=O)Nc2ccc(N3CCCC3)c(Cl)c2)cc1
195200422,O=C(Nc1ccc(N2CCCCC2)c(F)c1)c1ccc(Br)o1
160665646,COc1ccc(-c2cc(=O)oc3c4c(ccc23)OCN(c2ccc(C)cc2)C4)cc1
17075705,CC(=O)c1sc(NC(=O)/C=C/c2ccc(C)cc2)nc1C
195200067,CC(C)(C)C(=O)Nc1ccc(N2CCCCC2)c(Cl)c1
124752800,COCCn1c(=N)c(C(=O)NCc2ccc(OC)cc2)cc2c(=O)n3cccc(C)c3nc21
17071968,COc1ccccc1CCNCc1ccc(Cl)cc1
195198811,O=C(Nc1ccc(N2CCCCC2)c(Cl)c1)c1ccc([N+](=O)[O-])o1
195197849,O=C(Nc1ccc(N2CCCC2)c(Cl)c1)c1ccc(F)cc1
17126024,C=CCc1ccccc1OCCSc1nc2ccc(NC(=O)c3ccc(C)cc3)cc2s1
16974728,CCCCn1c(=N)c(C(=O)NC(C)c2ccccc2)cc2c(=O)n3ccccc3nc21
195197765,O=C(Nc1ccc(N2CCCC2)c(Cl)c1)c1ccc2c(c1)OCCO2
124751675,COc1ccc(CCNC(=O)c2cc3c(=O)n4ccccc4nc3n(Cc3ccc(F)cc3)c2=N)cc1
17121300,CCOC(=O)C1=C(C)N=c2s/c(=C\c3ccc(OC(=O)c4ccccc4I)c(OC)c3)c(=O)n2C1c1ccccc1
17093776,CCOC(=O)C1=C(C)N=c2s/c(=C\c3cc4c(cc3[N+](=O)[O-])OCO4)c(=O)n2C1c1ccccc1Cl
164170645,CC(=O)N1CCN(c2ccc(NC(=O)c3ccc([N+](=O)[O-])o3)cc2Cl)CC1
164170627,CN1CCN(c2ccc(NC(=O)c3ccc([N+](=O)[O-])o3)cc2Cl)CC1
49699549,COc1cc(OC)cc(-c2nc(-c3ccc(Cl)cc3)c(-c3ccccc3)[nH]2)c1
313062562,CCOC(=O)c1c(C)n(C)c2ccc(OC(=O)c3cc(OC)c(OC)c(OC)c3)cc12
126920923,CCCCC(Nc1nc(-c2cc(C)ccc2C)cs1)Nc1nc(-c2cc(C)ccc2C)cs1
17007056,CCOC(=O)C1=C(C)N=c2s/c(=C/c3ccc(OC(=O)c4ccco4)cc3)c(=O)n2C1c1ccccc1
164169854,O=C(Nc1ccc(N2CCCC2)c(Cl)c1)c1ccc([N+](=O)[O-])o1
164169783,O=C(Nc1ccc(N2CCCC2)c(Cl)c1)c1cccs1
164169608,O=C(Nc1ccc(N2CCCCC2)c(Cl)c1)c1ccc2c(c1)OCCO2
164168787,O=C(Nc1ccc(N2CCCCC2)c(Cl)c1)c1cccnc1Cl
164168617,CC(=O)Nc1ccc(N2CCCC2)c(Cl)c1
164168578,Cc1ccccc1C(=O)Nc1ccc(N2CCCC2)c(Cl)c1
124353333,CNC(=O)c1cc2c(=O)n3ccccc3nc2n(Cc2ccc(OC)cc2)c1=N
164168313,O=C(Nc1ccc(N2CCOCC2)c(Cl)c1)c1ccc([N+](=O)[O-])o1
17007053,CCOC(=O)C1=C(C)N=c2s/c(=C/c3ccc(OC(C)=O)cc3)c(=O)n2C1c1ccc(C)cc1
160665540,O=c1cc(-c2ccccc2)c2ccc3c(c2o1)CN(C1CCN(Cc2ccccc2)CC1)CO3
49845596,CCC(=O)N1CCN(c2ccc(NC(=O)c3ccc(Br)o3)cc2Cl)CC1
17087228,O=C(NCCCc1ccccc1)c1cc2nc(-c3ccc(Cl)s3)cc(C(F)(F)F)n2n1
124752348,CC(C)OCCCn1c(=N)c(C(=O)NCc2ccco2)cc2c(=O)n3ccccc3nc21
49845082,O=C(Nc1ccc(N2CCCC2)c(Cl)c1)c1ccc2c(c1)OCO2
124752798,CCCCn1c(=N)c(C(=O)NCc2ccc(F)cc2)cc2c(=O)n3cccc(C)c3nc21
17083933,CCOC(=O)C1=C(C)N=c2s/c(=C\c3ccc(OC)c(COc4ccc(I)cc4)c3)c(=O)n2C1c1ccccc1
17110343,CCCC1=C(C(=O)OCC)C(c2cc(OC)ccc2OC)n2c(s/c(=C\c3ccccc3OC(C)=O)c2=O)=N1
26513546,CCN1CCN(c2ccc(NC(=O)c3ccc(Br)o3)cc2Cl)CC1
17126325,C=CCn1cc(/C=c2\sc3n(c2=O)C(c2ccc(OC)c(OCC)c2)C(C(=O)OCC)=C(C)N=3)c2ccccc21
17149090,CC(C)C(=O)N1CCN(c2ccc(NC(=O)c3ccc(Br)o3)cc2Cl)CC1
17034799,COc1ccc(Cl)c2c1N[C@@H](c1cccc3ccccc13)[C@H]1CC=C[C@@H]21
16983070,COc1ccc(N2C(=O)/C(=C\c3ccc(OCc4ccccc4F)cc3)SC2=S)cc1
17007040,CCOC(=O)C1=C(C)N=c2s/c(=C\c3ccc(OC(C)=O)c(OCC)c3)c(=O)n2C1c1ccc(OC)cc1
17124391,O=C(Nc1ccc2c(c1)C(=O)N(C1CCCCC1)C2=O)c1ccc(Br)o1
17111353,O=C(Nc1ccc(N2CCCC2)c(Cl)c1)c1ccc(Br)o1
17108577,O=C(Nc1ccc(N2CCN(C(=O)c3ccccc3)CC2)c(Cl)c1)c1ccc(Br)o1
17108557,CN1CCN(c2ccc(NC(=O)c3ccc(Br)o3)cc2)CC1
17014065,COc1cc(CNCCc2ccc(OC)c(OC)c2)cc(OC)c1
17126321,CCOC(=O)C1=C(C)N=c2s/c(=C\c3ccc(N(C)C)cc3)c(=O)n2C1c1ccc(OC)c(OCC)c1
16975423,CCCCn1c(=N)c(C(=O)NCCCOCC)cc2c(=O)n3ccccc3nc21
17107350,Cc1ccc(C(=O)Nc2ccc(N3CCCC3)c(Cl)c2)cc1C
16983694,C(#Cc1cccc(-c2nc(-c3ccccc3)c(-c3ccccc3)[nH]2)c1)c1ccccc1
17006352,CCOC(=O)C1=C(C)N=c2s/c(=C\c3cc(I)c(O)c(OC)c3)c(=O)n2C1c1ccc(Cl)cc1
242040607,O=C1c2ccc(Br)cc2C(=O)N1CCCO
17110456,C=CCOc1ccc(C2C(C(=O)OCC)=C(C)N=c3s/c(=C\c4ccc(F)cc4)c(=O)n32)cc1
17106237,Cc1ccc(C(=O)Nc2ccc(N3CCCCC3)c(Cl)c2)cc1
24379188,CCc1ccc(CNCCNCC(C)O)cc1
16974719,COCCCn1c(=N)c(C(=O)NC(C)c2ccccc2)cc2c(=O)n3ccccc3nc21
124752761,CCOCCCn1c(=N)c(C(=O)NCc2ccc(F)cc2)cc2c(=O)n3cccc(C)c3nc21
17095976,O=C(Nc1ccc(N2CCCC2)c(Cl)c1)c1cccc(I)c1
124353996,COc1ccc(Cn2c(=N)c(C(=O)NCC3CCCO3)cc3c(=O)n4cccc(C)c4nc32)cc1
17121366,CCOC(=O)C1=C(C)N=c2s/c(=C/c3cccc(OC(=O)c4ccco4)c3)c(=O)n2C1c1ccc(OC)cc1
17095941,O=C(Nc1ccc(N2CCCC2)c(Cl)c1)c1cccc2ccccc12
17095939,O=C(Nc1ccc(N2CCCC2)c(Cl)c1)c1ccc2ccccc2c1
16985407,COc1cc(-c2nc(-c3ccccc3)c(-c3ccccc3)[nH]2)ccc1O
17095926,O=C(Nc1ccc(N2CCCC2)c(Cl)c1)c1cc(I)ccc1Cl
17094950,CCOC(=O)C1=C(C)N=c2s/c(=C\c3cc(Cl)ccc3OS(=O)(=O)c3ccc(C)cc3)c(=O)n2C1c1ccc(OC)cc1
16976484,Cn1c(=N)c(C(=O)NC2CCCCC2)cc2c(=O)n3ccccc3nc21
16976482,Cc1cccn2c(=O)c3cc(C(=O)NC4CCCCC4)c(=N)n(C)c3nc12
17006260,CCOC(=O)C1=C(C)N=c2s/c(=C\c3ccc(OC)c(I)c3)c(=O)n2C1c1ccc(Cl)cc1
17095794,O=C(Nc1ccc(N2CCCCC2)c(Cl)c1)c1ccccc1Br
17095793,O=C(Nc1ccc(N2CCCCC2)c(Cl)c1)c1cccc(Cl)c1
17126315,CCOC(=O)C1=C(C)N=c2s/c(=C\c3ccc(N(CC)CC)cc3OC)c(=O)n2C1c1ccc(OC)c(OCC)c1
162010748,C=CCOC(=O)C1=C(C)N=c2s/c(=C/c3ccc(OC)cc3)c(=O)n2C1c1ccc(OC)cc1
17130685,CCCCOc1ccc(C2C(C(=O)OCC)=C(C)N=c3s/c(=C/c4ccc(OC)cc4C)c(=O)n32)cc1OC
17121360,CCOC(=O)C1=C(C)N=c2s/c(=C\c3ccc(OC(=O)c4cccc(C)c4)cc3)c(=O)n2C1c1ccc(OC)cc1
16998372,O=C(Nc1ccc(N2CCCCC2)c(Cl)c1)c1ccc(Cl)c(Cl)c1
16980643,Cc1cccc(-c2nc(-c3ccccc3)c(-c3ccc(-c4ccccc4)cc3)[nH]2)c1
124353100,COCCNC(=O)c1cc2c(=O)n3ccccc3nc2n(Cc2cccnc2)c1=N
16996443,O=C(Nc1ccc(N2CCCCC2)c(Cl)c1)c1cc2ccccc2o1
251914066,O=C(Nc1ccc(N2CCN(Cc3ccccc3)CC2)cc1)c1ccc([N+](=O)[O-])o1
17083929,CCOC(=O)C1=C(C)N=c2s/c(=C\c3ccc(OC)c(COc4ccc(I)cc4)c3)c(=O)n2C1c1ccc(OC)cc1
251913746,O=C(Nc1ccc(N2CCN(C(=O)c3cccs3)CC2)cc1)c1ccc(Cl)cc1
124752543,C=CCNC(=O)c1cc2c(=O)n3ccccc3nc2n(CCc2ccc(OC)c(OC)c2)c1=N
16969817,CCCCOC(=O)c1ccc(Nc2cc(C)nc3ccccc23)cc1
251913742,O=C(Nc1ccc(N2CCN(C(=O)c3cccs3)CC2)cc1)c1ccco1
251912730,O=C(Nc1ccc(N2CCN(Cc3ccccc3)CC2)cc1)c1cccc(F)c1
195199786,Cc1ccccc1C(=O)Nc1ccc(N2CCN(C(=O)c3cccs3)CC2)cc1
16975747,CCCn1c(=N)c(S(=O)(=O)c2ccc(C)cc2)cc2c(=O)n3cccc(C)c3nc21
16975067,Cc1cccn2c(=O)c3cc(C(=O)NC4CCCCC4)c(=N)n(C(C)C)c3nc12
16977327,COc1cccc(NC(=O)c2cc3c(=O)n4ccccc4nc3n(CC(C)C)c2=N)c1
17003660,CCOC(=O)C1=C(C)N=c2s/c(=C\c3ccc(OC(C)=O)cc3)c(=O)n2C1c1ccccc1
195199145,COc1cc(OC)cc(C(=O)Nc2ccc(N3CCN(Cc4ccccc4)CC3)cc2)c1
17034791,COC(=O)c1ccc([C@@H]2Nc3c(Cl)ccc(Cl)c3[C@@H]3C=CC[C@@H]32)cc1
17003634,CCOC(=O)C1=C(C)N=c2s/c(=C\c3ccc(C)cc3)c(=O)n2C1c1ccc(OC(C)=O)cc1
24380362,CCC(=O)c1ccc(OCC(O)CN2CCN(c3ccc(CC)cc3)CC2)cc1
17003633,CCOC(=O)C1=C(C)N=c2s/c(=C\c3ccccc3)c(=O)n2C1c1ccc(OC(C)=O)cc1
17142766,CCc1ccc(N2CCN(CC(O)COc3ccc(-c4ccccc4)cc3)CC2)cc1
16976865,OC(COCCOc1ccc(Cl)cc1)CN1CCN(Cc2ccc(Cl)cc2)CC1
16982922,CCOC(=O)C1=C(C)N=c2s/c(=C/c3ccc(I)cc3)c(=O)n2C1c1c(OC)ccc2ccccc12
16973902,COc1ccc(N2CCN(CC(O)COc3ccc(Cl)cc3)CC2)cc1
17003631,CCOC(=O)C1=C(C)N=c2s/c(=C\c3ccc(Cl)cc3)c(=O)n2C1c1ccc(OC(C)=O)cc1
195199053,CCOc1ccc(C(=O)Nc2ccc(N3CCN(Cc4ccccc4)CC3)cc2)cc1
195199052,COc1ccccc1C(=O)Nc1ccc(N2CCN(Cc3ccccc3)CC2)cc1
195199050,CCC(=O)Nc1ccc(N2CCN(Cc3ccccc3)CC2)cc1
17094945,CCOC(=O)C1=C(C)N=c2s/c(=C\c3ccccc3OCCOc3ccc(C)c(C)c3)c(=O)n2C1c1ccc(OC)c(OC)c1
195198847,COc1cc(C(=O)Nc2ccc(N3CCN(Cc4ccccc4)CC3)cc2)cc(OC)c1OC
17003601,CCOC(=O)C1=C(C)N=c2s/c(=C\c3ccccc3OC(C)=O)c(=O)n2C1c1ccccc1
195197799,Cc1ccc(C(=O)Nc2ccc(N3CCN(Cc4ccccc4)CC3)cc2)cc1
195197793,CC(C)C(=O)Nc1ccc(N2CCN(Cc3ccccc3)CC2)cc1
195197539,O=C(Nc1ccc(N2CCN(Cc3ccccc3)CC2)cc1)c1ccco1
195197528,O=C(Nc1ccc(N2CCN(Cc3ccccc3)CC2)cc1)c1ccccc1
16989369,COc1ccc(/C=C2/SC(N3CCCCC3)=NC2=O)c(OC)c1
17093359,C=CCn1cc(/C=c2\sc3n(c2=O)C(c2ccccc2OC)C(C(=O)OCC)=C(C)N=3)c2ccccc21
124750857,COCCn1c(=N)c(C(=O)NCc2ccc(C)cc2)cc2c(=O)n3cccc(C)c3nc21
223652348,COc1ccc(-c2cc(=O)oc3c4c(ccc23)OCN(c2cc(Cl)c(OC)cc2OC)C4)cc1
124750764,C=CCn1c(=N)c(C(=O)NCc2ccc(C)cc2)cc2c(=O)n3cccc(C)c3nc21
164170370,O=C(Cc1ccc(Cl)cc1)Nc1ccc(N2CCN(Cc3ccccc3)CC2)cc1
164170297,O=C(Nc1ccc(N2CCN(C(=O)c3ccc(Cl)cc3)CC2)cc1)c1cccs1
164170205,O=C(Nc1ccc(N2CCN(Cc3ccccc3F)CC2)cc1)c1cccs1
92091870,CCOC(=O)c1c(C)n(C)c2ccc(OC(=O)c3cccc(F)c3)cc12
17121359,CCOC(=O)C1=C(C)N=c2s/c(=C\c3ccc(OC(=O)c4ccc(Cl)cc4)cc3)c(=O)n2C1c1ccc(OC)cc1
17003581,CCOC(=O)C1=C(C)N=c2s/c(=C\c3ccc(Cl)cc3Cl)c(=O)n2C1c1ccc(OC(C)=O)cc1
17003580,CCOC(=O)C1=C(C)N=c2s/c(=C\c3ccc4c(c3)OCO4)c(=O)n2C1c1ccc(OC(C)=O)cc1
164169977,O=C(Nc1ccc(N2CCN(C(=O)c3cccs3)CC2)cc1)c1ccccc1F
17007533,Clc1cc(Cl)c2c(c1)C1C=CCC1C(c1cccc3ccccc13)N2
17003579,CCOC(=O)C1=C(C)N=c2s/c(=C\c3ccccc3Cl)c(=O)n2C1c1ccc(OC(C)=O)cc1
17119449,C=CCOc1ccccc1/C=c1/sc2n(c1=O)C(c1ccccc1OCC)C(C(=O)OCC)=C(C)N=2
164169888,CCOc1cccc(C(=O)Nc2ccc(N3CCN(Cc4ccccc4)CC3)cc2)c1
17002998,CCOC(=O)C1=C(C)N=c2s/c(=C/c3ccc([N+](=O)[O-])cc3)c(=O)n2C1c1ccc(OC)cc1
164168620,O=C(Nc1ccc(N2CCN(C(=O)c3cccs3)CC2)cc1)c1ccc(-c2ccccc2)cc1
17002996,CCOC(=O)C1=C(C)N=c2s/c(=C\c3ccc(-c4cccc([N+](=O)[O-])c4)o3)c(=O)n2C1c1ccc(OC)cc1
124352568,O=C(NC(=S)NC1CCN(Cc2ccccc2)CC1)c1cccs1
17126300,C=CCOc1ccccc1/C=c1/sc2n(c1=O)C(c1ccc(OC)c(OCC)c1)C(C(=O)OCC)=C(C)N=2
17016307,CCC(=O)NC(c1ccccc1Cl)c1cc([N+](=O)[O-])c2cccnc2c1O
17074625,CCOC(=O)C1=C(C)N=c2s/c(=C\c3ccc(I)cc3)c(=O)n2C1c1ccc(OC)cc1
17002954,CCOC(=O)C1=C(C)N=c2s/c(=C/c3ccc(N(CC)CC)cc3)c(=O)n2C1c1ccc(N(C)C)cc1
57309281,COc1cc(CNCCc2ccc(F)cc2)cc(Cl)c1OC
49845049,CC(C)C(=O)N1CCN(c2ccc(NC(=O)c3cccs3)cc2)CC1
49845042,O=C(Nc1ccc(N2CCN(C(=O)c3cccs3)CC2)cc1)c1ccccc1
46499766,COc1ccc(C(=O)N2CCN(c3ccc(NC(=O)c4cccs4)cc3)CC2)cc1
17008182,COc1ccc(CNCCc2ccc(Cl)cc2)c(OC)c1OC
46499706,CC(=O)Nc1ccc(N2CCN(C(=O)c3cccs3)CC2)cc1
124751164,COc1cc(C(=O)NCCCc2nc3ccccc3[nH]2)cc(OC)c1OC
26675576,CC(C)(C)C(=O)N1CCN(c2ccc(NC(=O)c3cccs3)cc2)CC1
124751793,Cc1cccn2c(=O)c3cc(C(=O)NC4CCCC4)c(=N)n(CCCOC(C)C)c3nc12
26675536,O=C(Nc1ccc(N2CCN(C(=O)c3cccs3)CC2)cc1)c1ccccc1Br
16975374,Cc1cccn2c(=O)c3cc(C(=O)NCCN4CCOCC4)c(=N)n(Cc4ccncc4)c3nc12
16960852,C=CCOc1ccc(/C=c2\sc3n(c2=O)C(c2ccccc2OCC)C(C(=O)OCC)=C(C)N=3)cc1Br
26675495,O=C(CSc1ccc(Cl)cc1)Nc1ccc(N2CCN(Cc3ccccc3)CC2)cc1
17094944,CCOC(=O)C1=C(C)N=c2s/c(=C\c3ccc(OS(=O)(=O)c4ccccc4)c(OC)c3)c(=O)n2C1c1ccc(Cl)cc1
17150885,O=C(O)/C=C\C(=O)Nc1ccc(N2CCN(Cc3ccccc3)CC2)cc1
17150870,O=C(O)C1CCCCC1C(=O)Nc1ccc(N2CCN(Cc3ccccc3)CC2)cc1
17150863,O=C(O)C1CC=CCC1C(=O)Nc1ccc(N2CCN(Cc3ccccc3)CC2)cc1
17150845,O=C(/C=C(/C(=O)O)c1ccccc1)Nc1ccc(N2CCN(Cc3ccccc3)CC2)cc1
17148924,Cc1ccccc1C(=O)N1CCN(c2ccc(NC(=O)c3cccs3)cc2)CC1
17108627,O=C(Nc1ccc(N2CCN(Cc3ccccc3)CC2)cc1)c1cncc(Br)c1
17108584,Cc1ccc(C(=O)N2CCN(c3ccc(NC(=O)c4cccs4)cc3)CC2)cc1
17110304,CCCCOc1ccc(C(=O)Nc2ccc3nc(SCC(=O)Nc4ccccc4)sc3c2)cc1
17109952,C=CCOc1ccc(/C=c2\sc3n(c2=O)C(c2ccc(Br)cc2)C(C(=O)OCC)=C(C)N=3)cc1
17113570,COc1cc(C(=O)Nc2ccc(O)cc2)cc(OC)c1OC
17112559,CCN(CC)c1ccc(NC(=O)c2cc(OC)c(OC)c(OC)c2)cc1
124750763,CCn1c(=N)c(C(=O)NCc2ccc(C)cc2)cc2c(=O)n3ccccc3nc21
16998957,O=C(Nc1ccc(N2CCN(C(=O)c3cccs3)CC2)cc1)c1ccccc1Cl
17013664,CCCCCCc1cc2cc(-c3csc(Nc4ccc(C(=O)OCC)cc4)n3)c(=O)oc2cc1O
16998922,COc1ccc(C(=O)Nc2ccc(N3CCN(Cc4ccccc4)CC3)cc2)cc1
16998920,Cc1cccc(C(=O)Nc2ccc(N3CCN(Cc4ccccc4)CC3)cc2)c1
16998919,Cc1ccccc1C(=O)Nc1ccc(N2CCN(Cc3ccccc3)CC2)cc1
16998904,O=C(COc1ccc(Cl)cc1)Nc1ccc(N2CCN(Cc3ccccc3)CC2)cc1
16998903,O=C(COc1ccccc1Cl)Nc1ccc(N2CCN(Cc3ccccc3)CC2)cc1
16998902,Cc1ccc(OCC(=O)Nc2ccc(N3CCN(Cc4ccccc4)CC3)cc2)cc1
17008954,COC(=O)C1=C(C)N=c2s/c(=C\c3ccccc3OC(C)=O)c(=O)n2C1c1ccccc1Cl
124751234,CCCn1c(=N)c(S(=O)(=O)c2ccc(C)c(C)c2)cc2c(=O)n3cccc(C)c3nc21
16991281,CCOC(=O)C1=C(C)N=c2s/c(=C/c3cc(Br)cc(I)c3O)c(=O)n2C1c1ccc(N(C)C)cc1
136958720,CC1CC(C)CN(C(=O)c2cc([N+](=O)[O-])ccc2Cl)C1
17061778,CC1CC(C)CN(C(=O)c2cccnc2Cl)C1
17110436,C=CCOc1ccc(C2C(C(=O)OCC)=C(C)N=c3s/c(=C\c4ccc(OC)c(O)c4)c(=O)n32)cc1
17058530,CC1CC(C)CN(C(=O)CCCOc2ccc(Cl)cc2Cl)C1
124752724,COCCn1c(=N)c(C(=O)NCCc2ccc(OC)c(OC)c2)cc2c(=O)n3cccc(C)c3nc21
17006407,CC1CC(C)CN(C(=O)c2ccc([N+](=O)[O-])cc2Cl)C1
172543140,CN1CCN(Cc2ccccc2O)CC1
172543008,Oc1ccccc1CN1CCOCC1
195199654,COc1c(F)c(F)c(C(=O)Nc2ccc(-c3nc4ccccc4[nH]3)cc2)c(F)c1F
164170557,O=C(NC(=S)Nc1ccc(-c2nc3ccccc3[nH]2)cc1)c1ccc2c(c1)OCCO2
17001604,O=C(CCCOc1ccc(Cl)cc1Cl)Nc1cccc(Cl)c1
124353955,CCNC(=O)c1cc2c(=O)n3cccc(C)c3nc2n(CCc2ccc(OC)c(OC)c2)c1=N
17150773,COC(=O)/C=C/C(=O)Nc1ccc(Cl)c(Cl)c1
16990847,CCOC(=O)C1=C(C)N=c2s/c(=C/c3cc(I)c(OC)c(OC)c3)c(=O)n2C1c1ccc(N(C)C)cc1
16974721,CCOCCCn1c(=N)c(C(N)=O)cc2c(=O)n3cccc(C)c3nc21
17038222,COc1cc2cc(C(=O)NCCOc3ccccc3)c(N)nc2cc1OC
16990845,CCOC(=O)C1=C(C)N=c2s/c(=C/c3cc(I)cc(I)c3O)c(=O)n2C1c1ccc(OC)c(OC)c1
17010110,COc1nc(Nc2ccc(I)cc2)nc(OC)n1
16974703,CCNC(=O)c1cc2c(=O)n3cccc(C)c3nc2n(CC2CCCO2)c1=N
17119299,CCOC(=O)C1=C(C)N=c2s/c(=C/c3cccc([N+](=O)[O-])c3O)c(=O)n2C1c1ccc(SC)cc1
223652341,COc1ccc(-c2cc(=O)oc3c4c(ccc23)OCN(Cc2ccc(C)cc2)C4)cc1
163715503,CCOCCOc1cccc(C(=O)Nc2ccc(OCC)cc2)c1
162163887,C=CCOc1cccc(C(=O)Nc2ccc(OCC)cc2)c1
17126299,C=CCOc1ccc(/C=c2\sc3n(c2=O)C(c2ccc(OC)c(OCC)c2)C(C(=O)OCC)=C(C)N=3)cc1
118052038,CCOCCOc1ccc(NC(=O)c2cccc(OCC)c2)cc1
16977326,Cc1ccccc1NC(=O)c1cc2c(=O)n3ccccc3nc2n(CCc2ccccc2)c1=N
17121358,CCOC(=O)C1=C(C)N=c2s/c(=C\c3ccc(OC(=O)c4ccccc4Cl)cc3)c(=O)n2C1c1ccc(OC)cc1
16962821,COc1cc(C(=O)Nc2ccc(I)cc2)cc(OC)c1OC
17121357,CCOC(=O)C1=C(C)N=c2s/c(=C\c3ccc(OC(=O)c4cccc(Br)c4)c(OC)c3)c(=O)n2C1c1ccc(OC)cc1
17011933,CCCCOc1cccc(C(=O)Nc2ccc(-c3nc4ccccc4s3)cc2)c1
17121356,CCOC(=O)C1=C(C)N=c2s/c(=C\c3ccc(OC(=O)c4ccccc4Cl)c(OC)c3)c(=O)n2C1c1ccc(OC)cc1
26513220,OCCNCc1ccc(-c2ccc(Br)cc2Cl)o1
16990836,CCOC(=O)C1=C(C)N=c2s/c(=C/c3ccc(-c4ccc(Cl)cc4[N+](=O)[O-])o3)c(=O)n2C1c1ccc(N(C)C)cc1
124750660,Cc1ccc(Cn2c(=N)c(C(=O)NCc3ccco3)cc3c(=O)n4ccccc4nc32)cc1
49843917,CCOc1cc(CNCCc2ccccc2)cc(Cl)c1OC
16977325,Cc1cccc(NC(=O)c2cc3c(=O)n4ccccc4nc3n(CCc3ccccc3)c2=N)c1
124752593,CCCCCn1c(N)c(C(=O)NCc2ccc(F)cc2)c2nc3ccccc3nc21
124752086,CCCCn1c(=N)c(C(=O)NCCc2ccc(OC)c(OC)c2)cc2c(=O)n3cccc(C)c3nc21
124353843,CCCCNC(=O)c1cc2c(=O)n3ccccc3nc2n(C)c1=N
17034642,CCOC(=O)C1=C(C)N=c2s/c(=C\c3ccc(N(CC)CC)cc3OC)c(=O)n2C1c1ccc(OC)c(OC)c1
17034588,CCOC(=O)C1=C(C)N=c2s/c(=C\c3ccc(-c4ccc([N+](=O)[O-])cc4)o3)c(=O)n2C1c1ccc(OC)cc1
124752209,COc1ccc(CNC(=O)c2cc3c(=O)n4ccccc4nc3n(C(C)C)c2=N)cc1
17136439,Cc1cc(/N=C/N2CCOCC2)n2c(nc3ccccc32)c1C#N
17136258,Cc1cc(/N=C/N2CCN(c3ccccc3)CC2)n2c(nc3ccccc32)c1C#N
16988671,Cc1ccc(Nc2nc(-c3ccc(I)cc3)cs2)cc1C
16979966,O=[N+]([O-])c1ccc(Nc2nc(N/N=C/c3cccc([N+](=O)[O-])c3)nc(Nc3ccccc3)n2)cc1
16976519,CCn1c(=N)c(C(=O)NCCOC)cc2c(=O)n3ccccc3nc21
17149854,CC(=O)Nc1nnc(SCc2cccc(Cl)c2)s1
17149831,CCC(=O)Nc1nnc(SCc2ccc(C(C)(C)C)cc2)s1
118051572,CCOCCOc1cccc(C(=O)NC2CCN(Cc3ccccc3)CC2)c1
124752757,CCn1c(=N)c(C(=O)NCc2ccc(OC)cc2)cc2c(=O)n3cccc(C)c3nc21
16974700,C=CCNC(=O)c1cc2c(=O)n3cccc(C)c3nc2n(Cc2cccnc2)c1=N
17126290,C=CCc1cc(/C=c2/sc3n(c2=O)C(c2ccc(OC)c(OC)c2)C(C(=O)OCC)=C(C)N=3)cc(OC)c1O
17094778,CC(=O)Nc1nnc(SCc2ccccc2Cl)s1
17063156,CCSc1nnc(NC(C)=O)s1
17121355,CCOC(=O)C1=C(C)N=c2s/c(=C\c3ccc(OC(=O)c4ccco4)cc3)c(=O)n2C1c1ccc(OC)cc1
315489432,CCCCOc1ccc(NC(=O)c2ccc(F)cc2)cc1
16989371,CCOC(=O)C1=C(C)N=c2s/c(=C/c3ccc(N(C)C)cc3)c(=O)n2C1c1ccc(N(C)C)cc1
17126283,C=CCc1cc(/C=c2/sc3n(c2=O)C(c2ccccc2OC)C(C(=O)OCC)=C(C)N=3)cc(OC)c1O
16983898,CCOC(=O)C1=C(C)N=c2s/c(=C\c3ccc(N(CC)CC)cc3O)c(=O)n2C1c1cccc(OC)c1
251912743,CCCCOc1ccc(C(=O)Nc2ccc(Cl)cn2)cc1
16982912,CCOC(=O)C1=C(C)N=c2s/c(=C\c3ccc(N(CC)CC)cc3)c(=O)n2C1c1cc(OC)c(OC)cc1Br
16982584,CCOC(=O)C1=C(C)N=c2s/c(=C/c3ccc(N(CC)CC)cc3OC)c(=O)n2C1c1c(OC)ccc2ccccc12
16982581,CCOC(=O)C1=C(C)N=c2s/c(=C/c3cc(I)c(O)c(OC)c3)c(=O)n2C1c1cccs1
16982579,CCOC(=O)C1=C(C)N=c2s/c(=C/c3cc(I)c(O)c(OCC)c3)c(=O)n2C1c1ccc(Cl)cc1
17013515,CC(=O)Oc1ccc2ccccc2c1C(NC(=O)Cc1ccccc1)c1ccc(Cl)cc1
124353445,COCCNC(=O)c1cc2c(=O)n3cccc(C)c3nc2n(C)c1=N
16982573,CCOC(=O)C1=C(C)N=c2s/c(=C/c3ccc(N(CC)CC)cc3OC)c(=O)n2C1c1cc(OC)c(OC)cc1Br
118051510,CCCCOc1ccc(C(=O)Nc2cccc(NC(C)=O)c2)cc1
17110451,C=CCOc1ccc(C2C(C(=O)OCC)=C(C)N=c3s/c(=C\c4cc(I)c(O)c(OC)c4)c(=O)n32)cc1
17126280,C=CCc1cc(/C=c2/sc3n(c2=O)C(c2cc(OC)ccc2OC)C(C(=O)OCC)=C(C)N=3)cc(OC)c1O
49844849,CCCCOc1ccc(C(=O)Nc2ccc3c(c2)OCCO3)cc1
16982338,COc1ccc(-c2nc(-c3ccc(OC)c(OC)c3)[nH]c2-c2ccc(OC)cc2)cc1
124353796,CCCCNC(=O)c1cc2c(=O)n3ccccc3nc2n(Cc2cccnc2)c1=N
17047939,COc1ccc(OC)c(NC(=S)N2CCN(Cc3ccccc3)CC2)c1
17110450,C=CCOc1ccc(C2C(C(=O)OCC)=C(C)N=c3s/c(=C\c4cc(Br)c(O)c(OC)c4)c(=O)n32)cc1
16982457,CCOC(=O)C1=C(C)N=c2s/c(=C/c3cc(I)c(O)c(OC)c3)c(=O)n2C1c1cc(OC)ccc1OC
16990397,CCCCNC(=O)CSc1nc2ccc(NC(=O)c3ccccc3)cc2s1
124750638,Cc1cccn2c(=O)c3cc(C(=O)NCC4CCCO4)c(=N)n(C(C)C)c3nc12
17124100,CCN1C(=O)c2ccc(C(=O)Nc3cc(C)on3)cc2C1=O
17107435,CCCCOc1ccc(C(=O)NC(=S)Nc2cc(C)cc(C)c2)cc1
17130680,CCCCOc1ccc(C2C(C(=O)OCC)=C(C)N=c3s/c(=C/c4cccc(OC)c4OCCC)c(=O)n32)cc1OC
17098061,O=C(CCCOc1ccc(Cl)cc1Cl)NCCC1=CCCCC1
16982405,CCOC(=O)C1=C(C)N=c2s/c(=C/c3cc(Br)c(N(CC)CC)cc3OC)c(=O)n2C1c1cc(OC)ccc1OC
16976595,COc1ccc(C(=O)NC(NC(=O)c2ccc(OC)cc2)c2ccccc2Cl)cc1
17093568,C=CCOc1ccc(C2C(C(=O)OCC)=C(C)N=c3s/c(=C\c4ccccc4OC(C)C)c(=O)n32)cc1
251912672,O=C1c2cccc3cccc(c23)C(=O)N1CCO
17093451,C=CCn1cc(/C=c2\sc3n(c2=O)C(c2ccc(OCC)cc2)C(C(=O)OCC)=C(C)N=3)c2ccccc21
17121353,CCOC(=O)C1=C(C)N=c2s/c(=C\c3ccc(OC(=O)C45CC6CC(CC(C6)C4)C5)c(OC)c3)c(=O)n2C1c1ccc(OC)cc1
17051727,CCCCOc1ccc(C(=O)Nc2ccc(C)c(Cl)c2)cc1
17047120,Cc1cc(NC(=O)c2cccc(I)c2)no1
17032716,CCCCOc1ccc(C(=O)Nc2cccc(C(=O)O)c2)cc1
17001620,Cc1cc(NC(=O)c2ccc(Br)c([N+](=O)[O-])c2)no1
16998648,CCCCOc1ccc(C(=O)Nc2cccc(Cl)c2)cc1
16981844,CCOC(=O)C1=C(C)N=c2s/c(=C/c3cc(I)c(OC)c(OC)c3)c(=O)n2C1c1ccc(Cl)cc1
16974710,CNC(=O)c1cc2c(=O)n3ccccc3nc2n(CCc2ccccc2)c1=N
17417354,COc1cc(-c2nc(-c3ccc(F)cc3)c(-c3ccccc3)[nH]2)cc2c1OCO2
17093449,CCOC(=O)C1=C(C)N=c2s/c(=C\c3ccc(N(C)C)cc3)c(=O)n2C1c1ccc(OCC)cc1
17117337,Cc1ccc2ccc(C(Nc3ccccn3)c3ccc(C)c(C)c3)c(O)c2n1
17110061,C#CCOc1ccc(/C=c2/sc3n(c2=O)C(c2ccc(C(C)C)cc2)C(C(=O)OCC)=C(C)N=3)cc1OC
16995970,CCCCOc1ccc(C(=O)Nc2ccc(C(C)=O)cc2)cc1
16988416,CCCCOc1ccc(C(=O)Nc2ccc3nc(SC)sc3c2)cc1
17110846,CC(C)c1ccc(/C=N/c2ccc(N(C)C)cc2)cc1
17110048,CCOC(=O)C1=C(C)N=c2s/c(=C/c3ccc(I)o3)c(=O)n2C1c1ccc(C(C)C)cc1
17110449,C=CCOc1ccc(C2C(C(=O)OCC)=C(C)N=c3s/c(=C\c4ccc(O)c(OCC)c4)c(=O)n32)cc1
17000779,COC(=O)CCCCCNC(=O)COc1ccc(Cl)cc1Cl
17093708,C=CCOc1ccc(C2C(C(=O)OCC)=C(C)N=c3s/c(=C\c4ccc(OC)c(O)c4)c(=O)n32)cc1OCC
175616456,Oc1ccc(Br)cc1CN1CCC(N2CCN(c3ccccc3)CC2)CC1
175616103,CCN1CCN(C2CCN(Cc3cc(Br)ccc3O)CC2)CC1
175616050,Oc1ccc(Br)cc1CN1CCC(N2CCCCC2)CC1
242040717,CNC(=O)c1cc2c(=O)n3cccc(C)c3nc2n(CCCOC)c1=N
175614422,Oc1ccc(Br)cc1CN1CCC(N2CCCCCC2)CC1
124354053,CCCCCn1c(=N)c(C(=O)NCc2ccc(F)cc2)cc2c(=O)n3cccc(C)c3nc21
16981840,CCOC(=O)C1=C(C)N=c2s/c(=C/c3cc(I)c(OC)c(OC)c3)c(=O)n2C1c1ccc(OC)c(OC)c1
16965698,CCN(CC)c1ccc2cc(-c3csc(/C=C/c4ccccc4)n3)c(=O)oc2c1
16975382,COCCCNC(=O)c1cc2c(=O)n3ccccc3nc2n(Cc2ccc(C)cc2)c1=N
17100306,CN(C)c1ccc(/C=N/c2ccc(S(=O)(=O)N3CCCC3)cc2)cc1
16982331,CSc1ccc(-c2nc(-c3ccc(Sc4ccccc4)cc3)c(-c3ccccc3)[nH]2)cc1
17102706,Cc1cc(NS(=O)(=O)c2ccc(NC(=S)NC(=O)c3ccc(-c4ccccc4)cc3)cc2)no1
17100679,Cc1cc(NC(=O)c2ccccc2I)no1
118051433,O=C(NC(=S)NC1CCN(Cc2ccccc2)CC1)c1ccccc1
16981837,CCOC(=O)C1=C(C)N=c2s/c(=C/c3cc(OC)c(OCc4ccccc4)cc3[N+](=O)[O-])c(=O)n2C1c1ccc(Cl)cc1
16965697,O=c1oc2ccc3ccccc3c2cc1-c1csc(/C=C/c2ccccc2)n1
17110448,C=CCOc1ccc(C2C(C(=O)OCC)=C(C)N=c3s/c(=C\c4cc(Br)ccc4OC(C)=O)c(=O)n32)cc1
124352566,COCCNC(=O)c1ccc(NC(=O)Nc2cccc(Cl)c2)cc1
16977324,CCCn1c(=N)c(C(=O)Nc2ccc(OCC)cc2)cc2c(=O)n3cccc(C)c3nc21
17104641,CC(C)C(=O)NC(=S)Nc1ccc(Cl)c(Cl)c1
124752751,CCCn1c(=N)c(C(=O)NCCc2ccc(OC)c(OC)c2)cc2c(=O)n3cccc(C)c3nc21
17109960,CCOC(=O)C1=C(C)N=c2s/c(=C\c3cc(I)c(O)c(OC)c3)c(=O)n2C1c1ccc(Br)cc1
17077538,CCN(CC)c1ccc(NC(=O)Nc2cccc(Cl)c2)cc1
17077137,O=C(Nc1cccc(Cl)c1)Nc1c(F)c(F)c(F)c(F)c1F
17110463,C=CCOc1ccc(C2C(C(=O)OCC)=C(C)N=c3s/c(=C\c4ccccc4OC(C)=O)c(=O)n32)cc1
17119298,CCOC(=O)C1=C(C)N=c2s/c(=C/c3cccc([N+](=O)[O-])c3O)c(=O)n2C1c1ccc(OC)cc1
17121326,CCOC(=O)C1=C(C)N=c2s/c(=C\c3cc([N+](=O)[O-])cc(OCC)c3O)c(=O)n2C1c1ccccc1
17121345,CCOC(=O)C1=C(C)N=c2s/c(=C/c3cc4ccccc4n3Cc3ccc([N+](=O)[O-])cc3)c(=O)n2C1c1ccc(OC)cc1
16981832,C=CCOc1c(I)cc(/C=c2/sc3n(c2=O)C(c2ccc(OC)cc2)C(C(=O)OCC)=C(C)N=3)cc1OC
16974705,Cc1cccn2c(=O)c3cc(C(=O)N4CCCCC4)c(=N)n(CC4CCCO4)c3nc12
17130678,CCCCOc1ccc(C2C(C(=O)OCC)=C(C)N=c3s/c(=C/c4ccc(C(=O)O)cc4)c(=O)n32)cc1OC
16981827,CCOC(=O)C1=C(C)N=c2s/c(=C/c3cc(I)c(OCc4ccccc4)c(OC)c3)c(=O)n2C1c1ccc(OC)cc1
126920866,CCCn1c(=N)c(C(=O)NC)cc2c(=O)n3cccc(C)c3nc21
17110455,C=CCOc1ccc(C2C(C(=O)OCC)=C(C)N=c3s/c(=C\c4ccc(O)c(Br)c4)c(=O)n32)cc1
17110454,C=CCOc1ccc(C2C(C(=O)OCC)=C(C)N=c3s/c(=C\c4ccc(Br)o4)c(=O)n32)cc1
16967656,COc1ccc(-n2c(C)c(C(C)=O)c3cc(OC(=O)c4ccc(-c5ccccc5)cc4)ccc32)cc1
124752681,Cc1cccn2c(=O)c3cc(C(=O)NCc4ccc(F)cc4)c(=N)n(CC4CCCO4)c3nc12
92090346,COc1ccc(/C=N\Nc2ncc(-c3ccc([N+](=O)[O-])cc3)cn2)cc1
17110487,CCOC(=O)C1=C(C)N=c2s/c(=C/c3ccc(N(CC)CC)cc3O)c(=O)n2C1c1ccc(OC)c(OCC)c1
16981823,CCOC(=O)C1=C(C)N=c2s/c(=C/c3ccc(-c4ccc([N+](=O)[O-])cc4Cl)o3)c(=O)n2C1c1ccc(OC)cc1
16981817,C=CCOc1c(Br)cc(/C=c2/sc3n(c2=O)C(c2ccc(Cl)cc2)C(C(=O)OCC)=C(C)N=3)cc1OC
17110473,C=CCOc1ccc(C2C(C(=O)OCC)=C(C)N=c3s/c(=C/c4cc(OC)c(OC)cc4OC)c(=O)n32)cc1
164169338,CCc1ccc(C(=O)NCCNC(=O)c2cccs2)cc1
17112610,COc1cc(C(=O)Oc2cccc3ccccc23)cc(OC)c1OC
17110447,C=CCOc1ccc(C2C(C(=O)OCC)=C(C)N=c3s/c(=C\c4cccs4)c(=O)n32)cc1
125269568,CCOc1ccccc1OCCNC(=O)c1cccs1
16981810,CCOC(=O)C1=C(C)N=c2s/c(=C/c3cc(I)cc(I)c3O)c(=O)n2C1c1ccc(Cl)cc1
118051417,CC(C)C(=O)NC(=S)NC1CCN(Cc2ccccc2)CC1
277299981,CCc1ccccc1NC1=NC(=O)/C(=C/c2ccc(OC)cc2)S1
17047833,CCOCCCNC(=O)c1cccs1
17110990,COc1ccc(NC(=S)NC(=O)c2cccc(Cl)c2)cc1OC
17126279,C=CCc1cc(/C=c2/sc3n(c2=O)C(c2ccc(OC)cc2OC)C(C(=O)OCC)=C(C)N=3)cc(OC)c1O
17048608,O=C1NC2=C(C(=O)c3ccccc32)C(c2ccc(Cl)cc2)S1
16981800,CCOC(=O)C1=C(C)N=c2s/c(=C/c3cc(I)c(OC)c(I)c3)c(=O)n2C1c1ccc(Cl)cc1
16981510,CCOC(=O)C1=C(C)N=c2s/c(=C/c3cc(I)cc(I)c3O)c(=O)n2C1c1ccccc1
17093703,C=CCOc1ccc(C2C(C(=O)OCC)=C(C)N=c3s/c(=C/c4cc(OC)c(O)cc4Br)c(=O)n32)cc1OCC
124752205,CCOC(=O)c1cc2c(=O)n3cccc(C)c3nc2n(CCc2ccc(OC)cc2)c1=N
26513071,C=CCOc1ccc(CNCC(O)c2ccccc2)cc1OC
16981094,CCOC(=O)C1=C(C)N=c2s/c(=C\c3ccc(I)cc3)c(=O)n2C1c1ccccc1
17129633,COc1ccc(/N=C2/S/C(=C\c3ccc(OCc4ccccc4F)cc3)C(=O)N2C)cc1
17121344,CCOC(=O)C1=C(C)N=c2s/c(=C/c3cc4ccccc4n3Cc3ccccc3[N+](=O)[O-])c(=O)n2C1c1ccc(OC)cc1
17121335,CCOC(=O)C1=C(C)N=c2s/c(=C\c3ccc(OC(=O)c4ccccc4I)c(OC)c3)c(=O)n2C1c1ccc(OC)cc1
16997986,CCC(=O)NC(=S)Nc1ccc(Cl)c(Cl)c1
17119297,CCOC(=O)C1=C(C)N=c2s/c(=C/c3cccc([N+](=O)[O-])c3O)c(=O)n2C1c1ccc(N(C)C)cc1
16974536,CCOC(=O)C1=C(C)N=c2s/c(=C\c3cccc(Cl)c3)c(=O)n2C1c1ccc(OC(C)=O)cc1
124353951,COc1ccc(CCn2c(=N)c(C(=O)NC(C)C)cc3c(=O)n4cccc(C)c4nc32)cc1OC
17121325,CCOC(=O)C1=C(C)N=c2s/c(=C\c3ccc(OC(=O)c4cccc(C)c4)cc3)c(=O)n2C1c1ccccc1
49843887,Cc1c(Cl)cccc1-c1ccc(C(=O)Nc2ccc(N3CCOCC3)cc2)o1
16974528,COC(=O)C1=C(C)N=c2s/c(=C/c3cccc(OC(C)=O)c3)c(=O)n2C1c1ccc(OC)cc1
17074619,CCOC(=O)C1=C(C)N=c2s/c(=C\c3ccc([N+](=O)[O-])cc3)c(=O)n2C1c1ccc(OC)cc1OC
16974457,C=CCOC(=O)C1=C(C)N=c2s/c(=C/c3ccc(C)o3)c(=O)n2C1c1ccc(Cl)cc1
17035231,C#CCOc1c(/C=c2\sc3n(c2=O)C(c2ccccc2Cl)C(C(=O)OCC)=C(C)N=3)cc(Br)cc1OC
126496404,CC(O)CNCCNCc1ccc(C(C)C)cc1
26513046,CCN(CC)c1ccc(CNCC(O)c2ccccc2)cc1
24711859,CN(C)c1ccc(CNCC(O)c2ccccc2)cc1
17024887,COc1ccc(/C=C2\SC(N3CCCC3)=NC2=O)cc1
124752350,COc1ccc(CCn2c(=N)c(C(=O)NCc3ccco3)cc3c(=O)n4ccccc4nc32)cc1OC
17119229,CCOC(=O)C1=C(C)N=c2s/c(=C/c3cc([N+](=O)[O-])ccc3N3CCCCC3)c(=O)n2C1c1cccc(OC)c1
17141970,CNCC(O)Cn1c(C)c(C)c2ccccc21
16970971,Cc1c(C)n(CC(O)CN(C2CCCCC2)C2CCCCC2)c2ccccc12
16970968,Cc1c(C)n(CC(O)CNc2ccc(I)cc2)c2ccccc12
16976518,COCCNC(=O)c1cc2c(=O)n3ccccc3nc2n(CCO)c1=N
17117642,Cc1cccc(NC(c2ccc(OCc3ccccc3)cc2)c2ccc3ccc(C)nc3c2O)n1
16970944,Cc1c(C)n(CC(O)CN2CCCCC2)c2ccccc12
175615924,OCCN1CCN(C2CCN(Cc3cc(Br)ccc3O)CC2)CC1
242041010,CCCCCCNC(=O)CCCOc1ccc(C)cc1C
118052189,CCCCNC(=O)c1ccc(NC(=O)c2ccco2)cc1
17109947,CCOC(=O)C1=C(C)N=c2s/c(=C\c3ccc(N(CC)CC)cc3O)c(=O)n2C1c1ccc(Br)cc1
17136312,COc1cc(-c2nc(-c3ccccc3)c(-c3ccccc3)[nH]2)cc(OC)c1OC
17104767,C=CCN(CC=C)S(=O)(=O)c1ccc(NC(=S)NC(=O)c2ccco2)cc1
17104720,C=CCN(CC=C)S(=O)(=O)c1ccc(NC(=O)c2ccco2)cc1
252455096,COc1ccc(CNCCc2ccc(Cl)cc2)cc1
17103697,CN(C)S(=O)(=O)c1ccc(NC(=S)NC(=O)c2ccco2)cc1
17101176,O=C(Nc1ccc(S(=O)(=O)Nc2ccc(I)cc2)cc1)c1ccco1
17135795,CCc1c(C(=O)c2ccc(C)cc2)oc2c(C)c3oc(=O)cc(C)c3cc12
17019619,CN(C)c1ccc(NC(=O)c2ccco2)cc1
16975376,COC(=O)c1cc2c(=O)n3cccc(C)c3nc2n(Cc2ccc(C)cc2)c1=N
17130673,CCCCOc1ccc(C2C(C(=O)OCC)=C(C)N=c3s/c(=C/c4ccc(OC)cc4OC)c(=O)n32)cc1OC
16998064,CCCCCC(=O)NC(=S)Nc1ccc(NC(=O)c2ccco2)cc1
16982269,CSc1ccc(-c2nc(-c3ccc(-c4ccccc4)cc3)c(-c3ccc(-c4ccccc4)cc3)[nH]2)cc1
16987250,CCCCCOC(=O)c1ccc(NC(=O)c2ccco2)cc1
17117120,Cc1ccnc(NC(c2ccc(C(C)C)cc2)c2ccc3cccnc3c2O)c1
17121333,CCOC(=O)C1=C(C)N=c2s/c(=C\c3ccc(OCc4ccccc4[N+](=O)[O-])cc3)c(=O)n2C1c1ccc(OC)cc1
17119243,CCOC(=O)C1=C(C)N=c2s/c(=C/c3cc([N+](=O)[O-])ccc3N3CCN(C)CC3)c(=O)n2C1c1ccc(Cl)cc1
17104787,CCOc1ccccc1NC(=S)NC(=O)c1ccco1
16987235,COc1ccc(/C=N/Nc2nc(Nc3ccc([N+](=O)[O-])cc3)nc(N3CCCCC3)n2)cc1
17144852,OCCCNc1c2c(nc3ccccc13)CCCC2
17126059,CCOC(=O)C1=C(C)N=c2s/c(=C/c3ccc(OC(C)=O)c(OC)c3)c(=O)n2C1c1ccc(OCC)cc1
17130703,C#CCOc1ccc2ccccc2c1/C=c1\sc2n(c1=O)C(c1cc(OC)ccc1OC)C(C(=O)OCC)=C(C)N=2
17052284,COc1cccc(C(=O)Nc2ccc(-c3cc4ccccc4oc3=O)cc2)c1
172543136,CN(C)CCNCc1ccc(-c2cc(Cl)cc(Cl)c2)o1
172543130,CCCCNCc1ccc(-c2ccc(OC)c(Cl)c2)o1
118052472,Fc1ccc(-c2ccc(CNCCOc3ccccn3)o2)cc1Cl
92729539,Fc1ccc(-c2ccc(CNCCCn3ccnc3)o2)cc1Cl
92729418,CCN(CC)CCNCc1ccc(-c2ccc(F)c(Cl)c2)o1
17067236,Cc1cccc(NC(c2cccc(Cl)c2)c2ccc3cccnc3c2O)n1
56364975,CCOCCCNCc1ccc(-c2ccc(F)c(Cl)c2)o1
56364957,CC(O)c1ccc(-c2ccc(CNCCCN(C)C)o2)cc1
17066474,Cc1cc(C)c(C(Nc2ccccn2)c2ccc3cccnc3c2O)c(C)c1
26513251,CNCCCNCc1ccc(-c2ccc(C)c(Cl)c2)o1
26513250,CCN(CC)CCNCc1ccc(-c2ccc(C)c(Cl)c2)o1
26513225,COc1ccc(-c2ccc(CNCCN(C)C)o2)cc1Cl
26513212,Cc1ccc(-c2ccc(CNCCO)o2)cc1Cl
175614198,O=C(COc1ccc(Cl)cc1Cl)NO
26513181,Cc1ccc(-c2ccc(CNCCCN(C)C)o2)cc1Cl
26513170,Cc1ccc(-c2ccc(CNCCN(C)C)o2)cc1Cl
124751960,CCCn1c(=N)c(C(=O)NCc2ccc(OC)cc2)cc2c(=O)n3cccc(C)c3nc21
24712072,COCCNCc1ccc(-c2ccc(F)c(Cl)c2)o1
24712070,Fc1ccc(-c2ccc(CNCCN3CCOCC3)o2)cc1Cl
17073830,CCOC(=O)COc1c(Br)cc(C2C(C(=O)OCC)=C(C)NC(C)=C2C(=O)OCC)cc1OC
24712021,NS(=O)(=O)c1ccc(CCNCc2ccc(-c3ccc(F)c(Cl)c3)o2)cc1
17147527,COc1ccccc1/C=C1\SC(Nc2cc(Cl)cc(Cl)c2)=NC1=O
17109903,C=CCOc1ccc(/C=c2\sc3n(c2=O)C(c2ccc(N(C)C)cc2)C(C(=O)OCC)=C(C)N=3)cc1
24711943,Cc1cc(Br)ccc1-c1ccc(CNCCCN(C)C)o1
24711894,CN(C)CCCNCc1ccc(-c2ccc(F)c(Cl)c2)o1
24711882,CC(O)CNCCNCc1ccc(-c2ccc(F)c(Cl)c2)o1
17089388,CCCCCOc1ccc(C(O)(C(C)C)C(CN2CCOCC2)c2ccccc2)cc1
24711849,CN(C)CCNCc1ccc(-c2cc(Cl)ccc2Cl)o1
125269905,O=C(CCCOc1ccc(Cl)cc1Cl)NCCc1cccs1
24711842,Fc1ccc(-c2ccc(CNCCCN3CCOCC3)o2)cc1Cl
17089313,CCCCCOc1ccc(C(O)(CC(C)C)C(CN2CCOCC2)c2ccccc2)cc1
16974707,N=c1c(C(=O)NCCc2ccccc2)cc2c(=O)n3ccccc3nc2n1Cc1ccco1
17135857,CCc1c(C(=O)c2ccccc2)oc2c(C)c3oc(=O)cc(C)c3cc12
17109958,CCOC(=O)C1=C(C)N=c2s/c(=C\c3ccc(N(C)C)c(Br)c3)c(=O)n2C1c1ccc(Br)cc1
17119296,CCOC(=O)C1=C(C)N=c2s/c(=C/c3cccc([N+](=O)[O-])c3O)c(=O)n2C1c1ccccc1
16982266,COc1ccc(-c2nc(-c3ccc(-c4ccccc4)cc3)c(-c3ccc(-c4ccccc4)cc3)[nH]2)cc1
24379709,CN(C)CCNCc1ccc(-c2ccc(Cl)cc2)o1
24379649,OCCNCc1ccc(-c2ccc(F)c(Cl)c2)o1
17138696,O=C(CCCOc1ccc(Cl)cc1Cl)NCc1ccccc1
24379532,CNCCCNCc1ccc(-c2ccc(F)c(Cl)c2)o1
24379497,CN(C)CCNCc1ccc(-c2ccc(F)cc2)o1
24379491,CC(O)c1ccc(-c2ccc(CNCCN(C)C)o2)cc1
24379487,CN(C)CCNCc1ccc(-c2ccc(F)c(Cl)c2)o1
22397777,COc1cc(CNCCNc2ccnc3cc(Cl)ccc23)ccc1OCc1ccc(Cl)nc1
24379462,CN(C)CCNCc1ccc(-c2cccc(Cl)c2)o1
24379454,CN(C)CCNCc1ccc(-c2ccccc2)o1
